cycle,cell_id,voltage_mean,voltage_std,voltage_max,voltage_min,temperature_mean,temperature_max,charge_max,charge_min,time_max,time_min,capacity
cyc0000,1,3.7804141760517895,0.23642919757235323,4.1999769,2.6998193,39.96342697380896,41.295536,744.9881895467715,-739.8196991912561,735956.8058527714,735954.8172255817,1484.8078887380275
cyc0000,2,3.7807519153340277,0.23546815178724503,4.199935,2.699652,40.06382222800179,41.233673,743.2311694529068,-734.8189656975843,735956.798417136,735954.8158387739,1478.050135150491
cyc0000,3,3.7794980158979072,0.23690078277833965,4.1999931,2.6998932,40.05691171008478,40.821388,742.190930618108,-735.119595112905,735956.8062290354,735954.8170227183,1477.310525731013
cyc0000,4,3.781270287662203,0.23539743249744371,4.1999707,2.6999574,40.41124431992161,41.717407,743.4830595686819,-735.9783427588067,735956.80293397,735954.8163730493,1479.4614023274885
cyc0000,5,3.779742644837644,0.23680913490106142,4.2000198,2.69981,41.04012130319355,42.279404,743.4025620462248,-735.336070718255,735956.7971577584,735954.8160318803,1478.73863276448
cyc0000,6,3.7809286385944563,0.23559842826076863,4.1999187,2.6999252,40.7469435729241,42.090382,742.5626653724814,-733.1499423759849,735956.8008585459,735954.8162809822,1475.7126077484663
cyc0100,1,3.7811049392148663,0.23641535993258259,4.200017,2.6998594,39.93761036415511,41.124866,739.1789621228079,-734.7589807249153,735963.9597734255,735961.9832234333,1473.9379428477232
cyc0100,2,3.781610474625836,0.23574730130882665,4.1998949,2.6999323,40.035719226807835,41.183769,736.1165630752968,-729.6037056659845,735963.9490629018,735961.9782555159,1465.7202687412814
cyc0100,3,3.7802381741084763,0.23681926055371086,4.1999531,2.6999333,40.03538557472672,40.795288,737.2821457260021,-729.9765104086131,735963.9585658394,735961.9799135883,1467.2586561346152
cyc0100,4,3.7822122934327105,0.2354469447461927,4.2000909,2.6997566,40.38535585602251,41.518101,737.0585193857228,-731.3671868171333,735963.962471372,735961.9878562847,1468.425706202856
cyc0100,5,3.7804786408371616,0.23688434580015488,4.1999798,2.7000103,41.03706049193766,42.304337,737.2861997476732,-728.4437795382929,735963.9399714738,735961.971727851,1465.7299792859662
cyc0100,6,3.7816751895091896,0.2358937556213534,4.1998787,2.6999655,40.80414567424219,42.202736,735.3513611227696,-729.5304103282373,735963.9576732278,735961.9853093761,1464.881771451007
cyc0200,1,3.7818420165705358,0.23604750475815134,4.1998968,2.7000198,39.968553038782744,41.243099,734.6203102657674,-731.3193211688438,735971.105070364,735969.1371143227,1465.9396314346113
cyc0200,2,3.782411614130107,0.23542444234721216,4.1998148,2.6999323,40.04972668909541,41.158836,731.6021159797548,-725.8119463873812,735971.0901988208,735969.1289143116,1457.414062367136
cyc0200,3,3.7808873697006096,0.2366135815970576,4.2001538,2.7000134,40.050469456562865,40.783951,731.2045032264566,-728.3491310259461,735971.1022824796,735969.1323540754,1459.5536342524028
cyc0200,4,3.783096179025155,0.235141000211334,4.2002115,2.6999974,40.39444747095373,41.505592,731.2319359014327,-727.117644935644,735971.1095532287,735969.1475126558,1458.3495808370767
cyc0200,5,3.7812996082769454,0.2365290705309641,4.1999397,2.7000103,41.02330272450459,42.29187,731.7663105739116,-725.341250122989,735971.0733853872,735969.1144490645,1457.1075606969007
cyc0200,6,3.7824761838078294,0.23565782965753027,4.1999989,2.6998851,40.82334469820254,42.102848,732.4374040210928,-724.655215440253,735971.1051276313,735969.1420477567,1457.0926194613457
cyc0300,1,3.7826288211052392,0.23561361544686932,4.1998806,2.6999636,39.932417465468816,41.124866,730.3265217795462,-726.827168802373,735979.7506404431,735977.7914607045,1457.1536905819191
cyc0300,2,3.783200288066992,0.23500222084476846,4.1999903,2.6999474,40.02047988358263,41.258644,726.8314498070827,-721.5662489053174,735979.7444803865,735977.7926090101,1448.3976987124001
cyc0300,3,3.7816016954143397,0.23608746807863157,4.1998014,2.6997411,40.03315963064151,40.808922,728.0841169012951,-723.3395661811281,735979.7542054249,735977.7932780518,1451.4236830824234
cyc0300,4,3.7842007458304243,0.23431175272353655,4.200058,2.699924,40.37846963443732,41.530567,726.5755689317152,-721.421933946553,735979.745817178,735977.794326024,1447.9975028782683
cyc0300,5,3.7822467451658004,0.23599044624204762,4.2000246,2.6998551,41.046729839822504,42.429001,726.6495005920344,-720.8601506237711,735979.7431663813,735977.7945618064,1447.5096512158057
cyc0300,6,3.783261009719609,0.23506796548226777,4.2001157,2.6999218,40.878121509042906,42.327557,726.0063183074865,-721.4463321628252,735979.7482356319,735977.7955169568,1447.4526504703117
cyc0400,1,3.7834537930640755,0.2350828314375316,4.1998806,2.7000437,39.959566495353776,41.124866,726.2692497338496,-723.937604708043,735986.8783723514,735984.9276720637,1450.2068544418926
cyc0400,2,3.784019064816227,0.23453322908867397,4.1998296,2.7000275,40.0324200260485,41.196236,722.585419388873,-718.7470870112217,735986.868154291,735984.9240412613,1441.3325064000946
cyc0400,3,3.782272688516935,0.23575083117573145,4.1998816,2.6999819,40.03896441417266,40.821388,723.9979011353898,-721.3259241212694,735986.8822895802,735984.9278551766,1445.3238252566593
cyc0400,4,3.78508879048361,0.23391523424697802,4.1998572,2.7000041,40.38257840274341,41.543034,721.5193737094019,-717.8026057670108,735986.8729285,735984.9310650832,1439.3219794764127
cyc0400,5,3.783103372904567,0.23557672467275467,4.1999846,2.7000554,41.0261162542948,42.329269,722.0066969632825,-717.9016851169517,735986.857532163,735984.9174657187,1439.9083820802343
cyc0400,6,3.7841113402662025,0.23462010669893787,4.1999555,2.6998818,40.86731633443233,42.302624,722.5331777945333,-716.6246491362508,735986.8762337916,735984.9324992036,1439.1578269307843
cyc0500,1,3.7840737682045646,0.23468413833994325,4.2000809,2.6998432,39.96187810554742,41.124866,723.167774282433,-720.2153189524835,735993.99860009,735992.0555454298,1443.3830932349165
cyc0500,2,3.784723453746667,0.23419183620325418,4.2000303,2.6999874,40.033726575316436,41.183769,718.5820863857684,-715.857675171926,735993.98425301,735992.047672204,1434.4397615576945
cyc0500,3,3.7829582303671456,0.23541317271879414,4.2000017,2.700022,40.045780332379444,40.808922,720.7985894028278,-718.6961010738854,735994.0040799226,735992.0558083995,1439.4946904767132
cyc0500,4,3.7862294777061063,0.2333118063662939,4.200058,2.7001245,40.38968087225089,41.612572,717.2005243078512,-713.9107478152328,735993.9913783075,735992.0579129993,1431.1112721230838
cyc0500,5,3.7837880098817385,0.23508269676265206,4.1999846,2.699775,41.04115196375365,42.304337,718.1067831687367,-714.8789660960007,735993.9644313075,735992.0318195143,1432.9857492647375
cyc0500,6,3.78483792601626,0.234215008007611,4.1999154,2.7000422,40.89753015536125,42.215202,718.0741027035061,-713.3163400251251,735993.9966010705,735992.0605530438,1431.3904427286311
cyc0600,1,3.7848138979651256,0.23416035894210313,4.1999207,2.6999636,39.95113607091416,41.087425,719.7061953775548,-716.9950502070595,736001.1120684856,735999.175611751,1436.7012455846143
cyc0600,2,3.785378698580796,0.23376677676845886,4.2000704,2.7001479,40.02091356986731,41.171303,715.3468264128198,-712.8712466679483,736001.0933905321,735999.1637842392,1428.2180730807681
cyc0600,3,3.7835089197101714,0.23508391090502517,4.1999617,2.7002225,40.03253182726467,40.75898,718.0998074177435,-715.2562658958657,736001.1191408667,735999.1776442761,1433.3560733136092
cyc0600,4,3.787047160736917,0.23282079426809488,4.200098,2.699964,40.37503372319249,41.560135,712.9975638708689,-709.6553656918744,736001.1001012885,735999.1766854358,1422.6529295627433
cyc0600,5,3.7844930843673836,0.23467153803920526,4.2000246,2.7001357,41.0376040279826,42.366669,714.8249970778654,-711.732502945263,736001.0643874215,735999.1385447297,1426.5575000231283
cyc0600,6,3.7855422368700262,0.23375982560188352,4.1999555,2.6998014,40.89824498531861,42.240173,713.6165598305801,-710.9534460622635,736001.1088453798,735999.1811606467,1424.5700058928437
cyc0700,1,3.7859357246176994,0.2335865089322595,4.1999211,2.7000439,39.995794187311915,41.174809,716.4238128391505,-713.7126676686552,736008.7255264925,736006.7913159754,1430.1364805078056
cyc0700,2,3.7863228293318514,0.23315074343229428,4.2001209,2.6998377,40.040977051654934,41.258644,712.4685661897855,-709.992986444914,736008.7171602689,736006.7918311884,1422.4615526346995
cyc0700,3,3.7845805744273284,0.23460093993848027,4.2000427,2.6999826,40.057202445161884,40.821388,715.5747615946995,-712.7312200728217,736008.72376286,736006.7919628294,1428.305981667521
cyc0700,4,3.7876450883969843,0.23217488272412018,4.2001958,2.6998613,40.39736856181553,41.592976,709.4121009751553,-706.0699027961608,736008.7100811681,736006.792315524,1415.4820037713162
cyc0700,5,3.7856741469951776,0.23398306660375404,4.200017,2.7000077,41.0220500091814,42.429001,711.877214154731,-708.7847200221286,736008.7157320718,736006.7923347323,1420.6619341768596
cyc0700,6,3.7862740602620493,0.23319327072528703,4.2001123,2.7000387,40.88897807818114,42.40247,710.3327297035896,-707.6696159352731,736008.7128055573,736006.7926580586,1418.0023456388626
cyc0800,1,3.7866137867688794,0.23323755051171177,4.2000413,2.7000439,40.00326113397705,41.174809,713.159201099345,-710.7083465407621,736015.830725064,736013.9034750162,1423.8675476401072
cyc0800,2,3.786954376403275,0.23284018135272927,4.1998806,2.7000382,40.04702676542827,41.233673,709.3967142522396,-707.2572350070513,736015.8156586249,736013.8968077148,1416.653949259291
cyc0800,3,3.7851071433108046,0.23432418818590336,4.2000427,2.6999826,40.06698814955405,40.821388,712.9499296294234,-710.4664059106038,736015.8234085507,736013.8970218861,1423.4163355400274
cyc0800,4,3.7883811402194927,0.23171678241092097,4.1998749,2.6998613,40.40591080457691,41.568005,705.9948185505965,-702.9026994869012,736015.8057245658,736013.895292532,1408.8975180374978
cyc0800,5,3.786277022232226,0.23369217722664834,4.1998968,2.7000477,41.03273272151505,42.354202,708.9162318093286,-706.0707663778363,736015.8073136057,736013.8901965339,1414.9869981871648
cyc0800,6,3.7870712643342053,0.2327650018126291,4.1997914,2.6998782,40.9132220732125,42.352524,706.592518474199,-704.219359009346,736015.8103471646,736013.8981759641,1410.811877483545
cyc0900,1,3.787357457996529,0.23269485110160343,4.1999612,2.6999238,40.02312589248078,41.212246,709.8200485835927,-707.47587034659,736022.9287350479,736021.0086458827,1417.2959189301828
cyc0900,2,3.787522383929016,0.2324901721605755,4.1999207,2.6999981,40.061118777366126,41.233673,706.5808680712552,-704.543857565214,736022.9081525898,736020.9953004883,1411.124725636469
cyc0900,3,3.7856644794704244,0.23391445472614286,4.1999626,2.7001431,40.07705519402292,40.858826,710.4253143158592,-708.0875582106968,736022.9176569653,736020.9965856486,1418.5128725265558
cyc0900,4,3.789150787866253,0.23122238400605094,4.2000351,2.7000217,40.41201773563975,41.592976,702.2659550676015,-699.4514041603436,736022.8935253613,736020.9909198099,1401.717359227945
cyc0900,5,3.7868916884126196,0.2333249056728629,4.200017,2.6998074,41.017551923062534,42.379135,705.8928947246856,-703.2283876204631,736022.8924448239,736020.9816585318,1409.1212823451488
cyc0900,6,3.7876953190175415,0.23234216423459955,4.1999516,2.7001188,40.899912698821176,42.340057,703.697634212766,-701.3483420139447,736022.9017262714,736020.9958100881,1405.0459762267108
cyc1000,1,3.7880692901924156,0.23220067253972407,4.2000413,2.6999238,39.990410718475616,41.174809,706.5766652239377,-704.287586962833,736030.0197866538,736028.1066732192,1410.8642521867705
cyc1000,2,3.7881297163140295,0.2320451192357473,4.1998005,2.6999981,40.03745929146483,41.196236,703.8337855206825,-701.8848903528442,736029.9947957853,736028.0877952124,1405.7186758735265
cyc1000,3,3.786148453702495,0.23361904551932988,4.1999226,2.6999426,40.05755802482832,40.833893,707.9996241255675,-705.712665031072,736030.0065372409,736028.0906396182,1413.7122891566396
cyc1000,4,3.7899140273847025,0.23061696979523438,4.1999149,2.6997809,40.39242151827117,41.543034,698.6557122880147,-695.8131898572694,736029.9733931638,736028.0786113881,1394.4689021452841
cyc1000,5,3.7874800485320814,0.23288771224104304,4.200057,2.7000477,41.0230128714867,42.391602,703.0338653853275,-700.5197014137875,736029.9714775417,736028.0667360189,1403.553566799115
cyc1000,6,3.7883152722035494,0.2319366377363857,4.2000318,2.6999583,40.910159696748856,42.340057,700.4812393226182,-698.1701513583128,736029.98608041,736028.0870675201,1398.651390680931
cyc1100,1,3.7887806599962466,0.2317201946081597,4.1998806,2.6998034,40.03122921387464,41.262188,703.2461867678427,-701.1629684159122,736037.1039983825,736035.1979066295,1404.409155183755
cyc1100,2,3.7887362607523842,0.23165951339701543,4.1999607,2.699918,40.07402535030748,41.258644,700.9910293086871,-699.1880899428829,736037.0753733756,736035.1744026551,1400.17911925157
cyc1100,3,3.7866012207761846,0.23340238495595736,4.2000427,2.7000227,40.09270043167083,40.858826,705.6849400829747,-703.5005370207552,736037.0903795242,736035.1793662611,1409.18547710373
cyc1100,4,3.790688464323263,0.23011504822361245,4.1999149,2.6999414,40.42707208965103,41.617947,695.0141586919437,-692.232354386545,736037.0447982504,736035.1578681935,1387.2465130784888
cyc1100,5,3.7881217291516047,0.23245210222177662,4.1998968,2.6999276,41.02640814170308,42.391602,699.9937542450273,-697.5346161891786,736037.0440157684,736035.1458128911,1397.528370434206
cyc1100,6,3.789029265715908,0.23142682511046794,4.1999917,2.6999583,40.920515147283396,42.327557,697.2829533350415,-695.1662621043378,736037.0639328622,736035.1716498359,1392.4492154393793
cyc1200,1,3.7894593623138784,0.23119560345864051,4.2000012,2.6999238,39.99679340412766,41.212246,700.3114715772195,-698.091283559505,736044.1815489179,736042.2819598053,1398.4027551367244
cyc1200,2,3.789413088639299,0.23123438668932403,4.1998806,2.6999981,40.05384481503418,41.24614,698.086872651942,-696.380298010731,736044.1499248069,736042.2551011869,1394.4671706626732
cyc1200,3,3.7871424729433847,0.23296789153818473,4.1999626,2.7000227,40.069592094932744,40.833893,703.2838686021864,-701.1433494399159,736044.1693726887,736042.2635035139,1404.4272180421024
cyc1200,4,3.791545644554203,0.229594771651173,4.199995,2.6999815,40.39855559094385,41.568005,690.6543122476731,-687.9893663695811,736044.107488961,736042.2299693977,1378.6436786172544
cyc1200,5,3.788707620273298,0.23206389694019647,4.1998968,2.6998074,41.01883833865623,42.404068,697.2134656414286,-694.8013086155802,736044.1104770242,736042.2182269449,1392.0147742570089
cyc1200,6,3.7896689610438585,0.23102994944192762,4.1998715,2.7000387,40.91475579078464,42.302624,694.2514203403694,-692.141924767417,736044.1349567688,736042.2492910317,1386.3933451077864
cyc1300,1,3.7900878461448673,0.23080030080681788,4.1998806,2.6998837,39.97665013026059,41.187275,697.2725876882135,-695.1914660611964,736051.2528262824,736049.3596591798,1392.46405374941
cyc1300,2,3.790009202065867,0.23082892249737108,4.1999207,2.699918,40.04084436337752,41.233673,695.1857857016533,-693.5564039260872,736051.2182643757,736049.3295960808,1388.7421896277406
cyc1300,3,3.78758303856004,0.23275434149469307,4.1999626,2.6998222,40.060637401983556,40.846359,700.8702501315731,-698.7688879868992,736051.2429910018,736049.3422702393,1399.6391381184724
cyc1300,4,3.792325227482457,0.22891040522787767,4.199955,2.6999815,40.39005726450703,41.605442,686.8934623061999,-684.3294698605332,736051.161821804,736049.2922120608,1371.2229321667332
cyc1300,5,3.789302290240502,0.2316244014238934,4.200057,2.7000878,41.029694326341136,42.441505,694.3788774662935,-692.0715222836928,736051.1709530117,736049.2846996845,1386.4503997499864
cyc1300,6,3.790280157999618,0.2305440115051199,4.1998715,2.7000787,40.92816813742281,42.31509,691.1266598854354,-689.1230637602691,736051.1995563481,736049.3204809303,1380.2497236457045
cyc1400,1,3.790684254502835,0.23035427705303288,4.2000012,2.6999638,40.01545038176692,41.19978,694.456402217704,-692.3929055695502,736058.3179330458,736056.4308611187,1386.849307787254
cyc1400,2,3.7905616558481574,0.23043565612108013,4.2000809,2.7001183,40.07296746877382,41.24614,692.4036865656755,-690.7582615378991,736058.2806265274,736056.3979989258,1383.1619481035746
cyc1400,3,3.788105693334593,0.2323664282812769,4.199842,2.6999025,40.08897003546903,40.833893,698.3405555052796,-696.3041073638747,736058.3112797949,736056.4159801997,1394.6446628691542
cyc1400,4,3.7931188265673854,0.22834426491690546,4.2001958,2.6999013,40.419468163588306,41.592976,682.9346391360828,-680.282853838617,736058.207714974,736056.3468691212,1363.2174929746998
cyc1400,5,3.7898614410108786,0.2312234503182242,4.1998568,2.6998875,41.03021916896749,42.429001,691.7359816879188,-689.4460856211192,736058.2257188872,736056.345150077,1381.1820673090378
cyc1400,6,3.790926570951346,0.23010912267717046,4.2000318,2.6999984,40.92930781775462,42.390003,688.3114663490592,-686.2323373679708,736058.2579933113,736056.3850706968,1374.54380371703
cyc1600,1,3.7920624136206786,0.22931059884366214,4.199955,2.6999977,0.5203090025138987,0.52218843,688.4777565080634,-686.4509284135904,736073.4260249807,736071.5518449845,1374.9286849216537
cyc1600,2,3.791754102664788,0.22945346072817846,4.2000775,2.6999547,40.11125154993274,41.408356,686.9777824446868,-685.0348308099472,736073.4224555126,736071.551822098,1372.0126132546338
cyc1600,3,3.789215652399543,0.23148092960085678,4.1999569,2.6999369,40.121415677966105,40.946209,693.1396153503334,-690.9167250320315,736073.4355569985,736071.551707635,1384.0563403823649
cyc1600,4,3.794835031372038,0.22700418602995132,4.2001252,2.7000716,40.45275408609056,41.692822,675.4313442180074,-672.7242929305623,736073.3964758372,736071.551893348,1348.15563714857
cyc1600,5,3.7911671885559373,0.23015113538563392,4.199914,2.700145,41.01206972386024,42.491367,685.9658292613512,-683.4037343516236,736073.4196160237,736071.5517506859,1369.3695636129748
cyc1600,6,3.792334091393165,0.2289764170445358,4.1999865,2.7000332,40.92673949001194,42.477386,681.934050123114,-679.699220636773,736073.4109058812,736071.5518967137,1361.6332707598872
cyc1800,1,3.79335308422478,0.2283974392431838,4.199955,2.6999977,40.011913868330275,41.312096,682.3059601337721,-680.4074956384311,736090.6136036593,736088.7526351119,1362.7134557722034
cyc1800,2,3.792890817559274,0.22869833233303064,4.1999173,2.6999147,40.0672464859164,41.383389,681.0469742582262,-679.4303559476438,736090.6108653672,736088.752584473,1360.47733020587
cyc1800,3,3.7903094718559043,0.23078140656169155,4.1998367,2.6998568,40.093701906996834,40.933743,687.6757434269672,-685.5795638682353,736090.6247703439,736088.7524934568,1373.2553072952023
cyc1800,4,3.796535771815003,0.2258503386417046,4.1998844,2.6999111,40.42262675908821,41.655388,667.429911590944,-664.7956034668993,736090.5801677675,736088.7527318989,1332.2255150578433
cyc1800,5,3.7923609001359795,0.22932393749147967,4.1998739,2.7000649,41.02751164308609,42.578632,679.8699802954441,-677.3351647847502,736090.6073006167,736088.7525339151,1357.2051450801941
cyc1800,6,3.7933051034445744,0.22828046711696798,4.1999464,2.6998727,40.94896155903591,42.489887,676.61448375161,-674.4240003285047,736090.6003702243,736088.7526956768,1351.0384840801148
cyc1900,1,3.7940731839853616,0.22789769404187327,4.2000537,2.7001767,40.05129209829004,41.262188,679.2842888904148,-677.400381000015,736098.3825186051,736096.5280544568,1356.6846698904299
cyc1900,2,3.793505171326607,0.2282604243128499,4.2000613,2.7001791,40.091444491970286,41.370922,678.2975201822748,-676.4802465561489,736098.3801403292,736096.5280388134,1354.7777667384237
cyc1900,3,3.7909443126296853,0.23031264808997653,4.2000265,2.6999264,40.114807157260785,40.933743,685.0335496125844,-682.9285834993316,736098.3944437297,736096.527922936,1367.962133111916
cyc1900,4,3.7974236422085887,0.22516496035342368,4.1998777,2.6999848,40.444042496269276,41.605442,664.0832211276803,-661.4660555939331,736098.3483248405,736096.5281528458,1325.5492767216133
cyc1900,5,3.7930988038828004,0.22881369393102982,4.20017,2.7001607,41.01656522597639,42.591099,676.8906430119629,-674.396784442321,736098.3763348357,736096.5279631467,1351.2874274542837
cyc1900,6,3.794153548353049,0.22770893020196464,4.2000928,2.7000191,40.9416936340762,42.514862,673.5689495862225,-671.3939820583835,736098.3691587974,736096.5281195842,1344.962931644606
cyc2000,1,3.7946447171512196,0.22752225423763384,4.1998734,2.6999962,39.91998354406504,41.174809,676.616118354482,-674.534853714062,736106.3763070973,736104.5277655193,1351.150972068544
cyc2000,2,3.7942206218570687,0.22772140506665112,4.200026,2.6998632,39.99614938288993,41.296082,675.027712503513,-673.1878363488347,736106.3727733421,736104.5277168156,1348.2155488523476
cyc2000,3,3.7915430110587933,0.2298712312624736,4.1998687,2.699929,40.03998613538878,40.883797,682.4262600088372,-680.0454235558116,736106.3882252033,736104.5275989337,1362.4716835646486
cyc2000,4,3.7983436484805018,0.2245852264122096,4.2001643,2.7000306,40.37157647446375,41.605442,660.18206492846,-657.5252438067159,736106.3395888392,736104.5278629059,1317.707308735176
cyc2000,5,3.7937004398386462,0.2284068795011308,4.200068,2.6999788,41.052379531682774,42.616032,673.8995641268614,-671.4877037431473,736106.3695832837,736104.5275860425,1345.3872678700086
cyc2000,6,3.794821367047657,0.22727090835073738,4.1999488,2.6997948,40.98426453650606,42.552299,670.1260348018528,-668.0156483279657,736106.361461132,736104.5277687231,1338.1416831298184
cyc2100,1,3.795095263668125,0.2273613806868598,4.1998334,2.7000365,39.95640204146803,41.212246,673.7989494175991,-672.0794644482618,736113.413097473,736111.570332845,1345.878413865861
cyc2100,2,3.794650527363184,0.22763684881277885,4.2001061,2.6999834,40.01993236279131,41.345989,672.2110845945604,-670.786450594079,736113.41108676,736111.5717114427,1342.9975351886394
cyc2100,3,3.7918811743105905,0.22989970059735784,4.2001095,2.7000494,40.06359833434749,40.808922,679.7101358420783,-677.9086183352067,736113.4205472816,736111.5651444399,1357.6187541772852
cyc2100,4,3.798891872317388,0.2244947775376637,4.1999235,2.6999502,40.3953546244846,41.605442,656.7961783979306,-654.5003652300823,736113.3869268363,736111.5821403125,1311.2965436280128
cyc2100,5,3.7940529019676643,0.22841626512188953,4.1998277,2.7000189,41.0388635357951,42.491367,671.14241475266,-669.0150076334857,736113.4017408708,736111.5654271978,1340.1574223861458
cyc2100,6,3.795298440756136,0.22714601074720878,4.1998281,2.6998751,40.978966214997364,42.539795,667.0292361447075,-665.318521253407,736113.4056748493,736111.5782406888,1332.3477573981145
cyc2200,1,3.795864884357469,0.22671025234409795,4.2000227,2.6998651,40.01747421075424,41.249683,670.723158220815,-668.7765728443588,736121.4884919287,736119.6526267022,1339.4997310651738
cyc2200,2,3.7953685519333202,0.22692877363274538,4.1999202,2.7000377,40.06326819195108,41.383389,669.5184064482024,-667.6449998648598,736121.4857340162,736119.652635862,1337.1634063130623
cyc2200,3,3.792634131405442,0.22913076010878752,4.2000251,2.6999252,40.10169880308202,40.908768,676.995444856135,-674.7949947290413,736121.5015542778,736119.6524949662,1351.7904395851763
cyc2200,4,3.7998780242069783,0.22353076783289946,4.1999559,2.6998622,40.417177944850835,41.605442,653.5493251683519,-650.7437110775994,736121.4500618902,736119.6528253643,1304.2930362459513
cyc2200,5,3.794742621222098,0.22770140973342545,4.1999812,2.6996913,41.03726039744518,42.640965,668.7330066627468,-666.3390953012658,736121.4833599024,736119.6525216767,1335.0721019640127
cyc2200,6,3.796087103715242,0.2264145598977217,4.2000375,2.7000041,40.97918831415504,42.514862,664.3324784044817,-662.0617864162047,736121.4737206231,736119.652715112,1326.3942648206862
cyc2300,1,3.7962390123068817,0.22670304420159304,4.2000628,2.700146,40.02946899255526,41.299629,667.8806033999889,-666.2935816337018,736128.5167842023,736126.6867314986,1334.1741850336907
cyc2300,2,3.7957322844300707,0.22697080384225726,4.1999602,2.6999977,40.07352570239588,41.395889,666.7752546126616,-665.3915961613499,736128.5148924962,736126.6872067918,1332.1668507740114
cyc2300,3,3.792940991880342,0.2291165664963725,4.1999049,2.7000854,40.10802090741828,40.87133,674.530723910326,-672.7235430229289,736128.5255094145,736126.6813562026,1347.2542669332547
cyc2300,4,3.8002630555126773,0.22363972109360228,4.1999559,2.6999424,40.42225635076673,41.617947,650.5222843578358,-648.2926774794684,736128.4878599463,736126.6965954961,1298.814961837304
cyc2300,5,3.795041518665125,0.22773461499751746,4.1999412,2.6999717,41.040453707087394,42.466438,666.1479956281383,-664.249177184903,736128.5063346153,736126.6805092281,1330.3971728130414
cyc2300,6,3.7964609478603757,0.22643417479001166,4.1999574,2.6998436,40.98794421159989,42.602242,661.4354315119731,-659.6620444728461,736128.5078963166,736126.6926300832,1321.097475984819
cyc2400,1,3.796921875986635,0.22604627010597428,4.1999502,2.6999531,40.04254699444242,41.362038,665.2914255154801,-663.3362103117166,736136.462400709,736134.6383838572,1328.6276358271966
cyc2400,2,3.7964880198429007,0.22634942191576674,4.2000957,2.7001731,40.08017496718812,41.420822,664.2123549745619,-662.4164936178428,736136.4601959796,736134.6383907507,1326.6288485924047
cyc2400,3,3.7936013986575423,0.22855797994755325,4.2000284,2.6998482,40.11912328329131,40.946209,672.2088635792337,-670.1621729486694,736136.4772158226,736134.6382599082,1342.371036527903
cyc2400,4,3.801016503271171,0.22282335953657478,4.1999259,2.6999524,40.43013692965115,41.655388,648.6224781399608,-645.8719888964097,736136.425366238,736134.6386255169,1294.4944670363705
cyc2400,5,3.7958001286316554,0.22706048089424,4.1999888,2.6998596,41.034079608850085,42.603565,663.2740837848586,-660.938737109697,736136.4574461527,736134.6382985725,1324.2128208945555
cyc2400,6,3.7974080644121093,0.22562843175684733,4.1999378,2.6999447,40.985370441244356,42.527328,658.2558945532905,-656.1336436597052,736136.4466726673,736134.6385194937,1314.3895382129958
cyc2500,1,3.797255355020587,0.22610107603474022,4.1999907,2.7001135,40.072927037687606,41.337067,662.6405031083239,-661.0694351627589,736143.4824593074,736141.6637298585,1323.7099382710826
cyc2500,2,3.7967511527320497,0.2264947441604145,4.2000155,2.6999326,40.09653779430643,41.458263,661.7657014240928,-660.3308589764998,736143.4806222564,736141.663742944,1322.0965604005926
cyc2500,3,3.7938876763677585,0.228699558887105,4.1999884,2.6999283,40.13525760477114,40.908768,669.6850102256893,-668.0035793177642,736143.4921462061,736141.6582450789,1337.6885895434534
cyc2500,4,3.8012458085021485,0.22307176848405377,4.1999259,2.7000327,40.44619086088944,41.642921,645.7271818173074,-643.6660246799995,736143.4559548333,736141.6748158962,1289.393206497307
cyc2500,5,3.7960233179504264,0.2271963569226594,4.200109,2.6998596,41.01135250692964,42.478905,660.8250432967614,-658.8324638828516,736143.4730364854,736141.6587639152,1319.6575071796128
cyc2500,6,3.7977043799496393,0.22579637243364992,4.1998978,2.6998243,40.968425393587374,42.527328,655.6417635358115,-653.94583444881,736143.4750305634,736141.6720975095,1309.5875979846214
cyc2600,1,3.798223550496965,0.22503606996877368,4.2001152,2.7000778,40.071478280334865,41.411942,660.0563466914874,-657.924170998954,736153.6437581843,736151.8312228712,1317.9805176904415
cyc2600,2,3.7975993388952016,0.22538067388851896,4.1999078,2.6999853,40.09176200755247,41.495701,659.1377979355027,-656.9718455516476,736153.6416036237,736151.8312816906,1316.1096434871502
cyc2600,3,3.7946973602297107,0.22771237525182803,4.1999888,2.6998887,40.13201200039605,40.983643,667.1762605722487,-664.7626621819797,736153.6586779227,736151.8310802277,1331.9389227542283
cyc2600,4,3.8024502136926617,0.22162714734003613,4.1999259,2.699872,40.44160588901087,41.680355,642.5624144212902,-639.5839886069047,736153.6047546295,736151.831453855,1282.146403028195
cyc2600,5,3.796955744605448,0.2262290915994301,4.2000093,2.6998799,40.99825434957499,42.591099,658.169010947152,-655.5873942650267,736153.6390993317,736151.8312172648,1313.7564052121786
cyc2600,6,3.798672267981376,0.22452870733913002,4.2000661,2.6997921,40.95735586281588,42.489887,653.0035610217047,-650.4853331184404,736153.6277773022,736151.8314680934,1303.488894140145
cyc2700,1,3.798335426361933,0.22544273697482792,4.1999545,2.6999974,40.09255409831348,41.312096,657.648619734443,-656.0075440245463,736160.6554546371,736158.8475396378,1313.6561637589894
cyc2700,2,3.797634438405093,0.22584922391188086,4.200068,2.7000253,40.10482149881052,41.433331,657.0164085294037,-655.4150376309544,736160.6534310816,736158.847078136,1312.431446160358
cyc2700,3,3.7947674664802253,0.2281133286962349,4.1999488,2.6998887,40.1418930944895,40.933743,664.979655960673,-663.2220530390505,736160.6648896495,736158.841289225,1328.2017089997235
cyc2700,4,3.802575709224304,0.22217522503069753,4.199966,2.699872,40.45436545876964,41.630413,639.8304080341111,-637.0030270978182,736160.6244953581,736158.8570246636,1276.8334351319293
cyc2700,5,3.797085558174126,0.22654987416607753,4.1999693,2.7,41.00579638518618,42.466438,655.6562998729265,-653.8609433113252,736160.645615848,736158.842236401,1309.5172431842516
cyc2700,6,3.7986194135168962,0.22501586674912558,4.2000661,2.7000327,40.97312954098028,42.514862,651.1137927131907,-648.9447244936676,736160.648297446,736158.8557206918,1300.0585172068584
cyc2800,1,3.798744488471742,0.22532550106327517,4.1999145,2.6998773,40.08129207357534,41.374504,655.3189476018982,-653.8609627428301,736167.6691709224,736165.8660378467,1309.1799103447283
cyc2800,2,3.7980577401883617,0.22567354818783666,4.2000279,2.6999853,40.08770390756811,41.433331,654.4796773327026,-653.0327890539148,736167.6670042706,736165.8659170485,1307.5124663866175
cyc2800,3,3.7952276819528885,0.22786377658075002,4.200109,2.7000089,40.132817226186916,40.933743,662.4090951555474,-660.8131385729761,736167.6780730691,736165.8598059989,1323.2222337285234
cyc2800,4,3.802935573173177,0.2220964306679035,4.1999259,2.7000325,40.444959213480814,41.655388,637.3877635184836,-634.9511921191677,736167.638307094,736165.8756100878,1272.3389556376512
cyc2800,5,3.797403162515579,0.22650754322518415,4.1999292,2.7000401,41.02027311708829,42.491367,653.5963431182184,-651.8126544173685,736167.6602354643,736165.8612487739,1305.4089975355869
cyc2800,6,3.79901744682801,0.2248959481850214,4.1999059,2.6998723,40.99007855015105,42.514862,648.6965550014851,-646.869061968305,736167.6621389528,736165.874336089,1295.56561696979
cyc2900,1,3.7998695739943305,0.22387933126586146,4.2001953,2.6999574,40.06213982795626,41.3246,652.5716049666112,-650.3130997876426,736179.583914633,736177.787637503,1302.8847047542538
cyc2900,2,3.799319664907116,0.2243065099073073,4.1998677,2.6998651,40.07160010821236,41.420822,651.1367277384915,-648.9192809179187,736179.5806854358,736177.7876867391,1300.05600865641
cyc2900,3,3.796242337482891,0.22670106457838876,4.1998687,2.6997683,40.12334612128192,40.958714,659.796542174074,-657.2962523935615,736179.5990473761,736177.7874760192,1317.0927945676356
cyc2900,4,3.8042728703092425,0.220370705469279,4.2000461,2.6997919,40.43499722307158,41.617947,634.9910033626354,-631.4421833469306,736179.5442707147,736177.7880066627,1266.4331867095661
cyc2900,5,3.798440520949352,0.2252119493194065,4.1999693,2.6999199,41.02955308488683,42.665897,651.188729327382,-648.5466454909885,736179.5803223038,736177.7875469892,1299.7353748183705
cyc2900,6,3.800074381215036,0.22354102843402357,4.2000661,2.700073,41.00181721247783,42.602242,646.1533351838383,-643.3427050149604,736179.5690294455,736177.7878400679,1289.4960401987987
cyc3000,1,3.7998133757832058,0.22459551243364412,4.1999145,2.6999574,40.143718363048926,41.424446,650.5672645950385,-648.9324649759106,736186.582716825,736184.7901462098,1299.499729570949
cyc3000,2,3.799370792399566,0.22491138105357952,4.1998277,2.6998651,40.12205009327497,41.47073,648.7466679553596,-647.4070333977533,736186.5787959963,736184.7900717953,1296.1537013531129
cyc3000,3,3.79629407169824,0.22719372804270183,4.200109,2.7001293,40.16454325825022,40.983643,657.8092329998067,-655.862018584132,736186.5918248725,736184.7839478548,1313.6712515839386
cyc3000,4,3.804378838387502,0.22107034463637865,4.1998854,2.699832,40.46958196230297,41.642921,631.7420120355436,-629.4671030677524,736186.5513638612,736184.8007857248,1261.209115103296
cyc3000,5,3.798349900274688,0.2258629725540161,4.2001295,2.69996,40.980014339833154,42.453972,649.3299128151958,-647.3699345736662,736186.5750938851,736184.7855266018,1296.699847388862
cyc3000,6,3.8001728350090622,0.22418626895829147,4.2001061,2.6999526,40.9559405901303,42.477386,643.9916386495939,-641.9851533478496,736186.5770811737,736184.7996815515,1285.9767919974436
cyc3100,1,3.800069106631597,0.22465778821163335,4.1999545,2.6999574,40.10483547649754,41.411942,648.4972396911078,-647.0479784495366,736193.5845833846,736191.796101568,1295.5452181406445
cyc3100,2,3.7996743303746596,0.2249417561835316,4.1999879,2.7001057,40.0971134135218,41.458263,646.4072075801732,-645.0661419014401,736193.580033961,736191.7962320752,1291.4733494816132
cyc3100,3,3.7965760074520603,0.2271831330592438,4.2001491,2.7000492,40.151447493770355,40.933743,655.4326639230973,-653.9140544973453,736193.5929219283,736191.789588353,1309.3467184204426
cyc3100,4,3.804783122863046,0.22106831352551395,4.200006,2.6999121,40.454738062296464,41.617947,629.5440064642929,-626.7136750353682,736193.5508391974,736191.8054878747,1256.257681499661
cyc3100,5,3.7986419078977813,0.22589164988183238,4.199769,2.6998398,41.00538707445216,42.541233,647.2097699067543,-645.3364538161138,736193.5772578287,736191.7920696741,1292.546223722868
cyc3100,6,3.8004760891509597,0.22424057914512935,4.199986,2.7001131,40.98609515367185,42.514862,641.5966513021918,-639.5739688988187,736193.5775899059,736191.805232902,1281.1706202010105
cyc3200,1,3.8016954844472375,0.22344508618225462,4.1999145,2.6999974,40.021652464926305,41.374504,646.443027642278,-644.3041802246653,736209.5472378983,736200.7781983133,1290.7472078669434
cyc3200,2,3.8006570561946145,0.2237624567487974,4.1999879,2.6999853,40.074373368358025,41.495701,644.0501777825216,-642.0352099057769,736202.5563062808,736200.7782794336,1286.0853876882984
cyc3200,3,3.797435786419295,0.2261931921423764,4.1999888,2.7001293,40.13875504870973,41.008617,653.0223150796419,-650.7701358577983,736202.5753468624,736200.7780507947,1303.7924509374402
cyc3200,4,3.805761265431404,0.2198009478392646,4.200006,2.7000325,40.43923128626678,41.655388,627.3610421994205,-624.2955095710583,736202.5189541174,736200.7784949661,1251.656551770479
cyc3200,5,3.7994493509442986,0.22483917843844062,4.1999693,2.69996,41.02305500734265,42.690872,645.3020777009549,-642.7592495230932,736202.5585115264,736200.7782096814,1288.061327224048
cyc3200,6,3.8014219837856476,0.22309472162848806,4.2001467,2.6998322,41.01113501058657,42.564766,639.1945530375704,-636.7259936300508,736202.5451784665,736200.7784869383,1275.9205466676212
cyc3300,1,3.8008414626119045,0.22430516638092024,4.1998744,2.7000377,40.03166023306909,41.299629,644.146819185291,-642.7386014401432,736209.5472378983,736207.7679970376,1286.885420625434
cyc3300,2,3.800585478707707,0.22450710505861457,4.1998677,2.6999452,40.04597287114817,41.420822,641.7350787215389,-640.3324352687547,736209.542753429,736207.7690484921,1282.0675139902937
cyc3300,4,3.805783418168989,0.220553104336283,4.200006,2.6999121,40.41962766823073,41.592976,624.7577612327894,-622.2008544257778,736209.5165021374,736207.7810989268,1246.9586156585674
cyc3300,5,3.799289474953764,0.22567493262899552,4.2000895,2.69996,41.029299288718406,42.578632,643.0309862849929,-641.3049808082776,736209.5400798583,736207.7636970497,1284.3359670932705
cyc3300,6,3.8014152484412307,0.2238743670803699,4.1999059,2.6998723,41.02842235912252,42.552299,636.5241922701535,-634.7919160288509,736209.540783491,736207.7790286738,1271.3161082990046
cyc3500,1,3.8039593994100396,0.22199907329878668,4.1998973,2.6999402,33.89443057992065,41.162304,635.9827537098153,-637.7784051443922,736225.3679576378,736223.6032171559,1273.7611588542075
cyc3500,2,3.8038211501144006,0.22229444073525667,4.2001343,2.6999314,33.93106973850794,41.321014,633.3522313268807,-635.2586749406212,736225.3622970026,736223.6033295679,1268.6109062675018
cyc3500,3,3.800481093711358,0.22475866779832804,4.1998758,2.7000563,33.93243356925704,40.908768,642.5705147372361,-644.1793473608492,736225.3816905937,736223.6030370169,1286.7498620980853
cyc3500,4,3.809128081085033,0.21813811090042534,4.1999702,2.700037,34.521453189221,41.580509,615.9837095830587,-616.9933650811037,736225.3236638391,736223.6035211721,1232.9770746641625
cyc3500,5,3.8027719714775445,0.22311541414718108,4.1998892,2.7,34.785573874129994,42.740738,633.9827343707758,-635.5660994680856,736225.3633812112,736223.6033759452,1269.5488338388614
cyc3500,6,3.8047437972554365,0.22150514134515012,4.2000203,2.700027,34.830390011118105,42.627216,627.8056847866804,-629.7129716667022,736225.3500655494,736223.6034958595,1257.5186564533826
cyc3600,1,3.8024193380214624,0.22332718702134904,4.1999373,2.7000604,39.9534752353611,41.187275,637.9175215171551,-636.2344197773073,736232.3408748878,736230.5758620675,1274.1519412944624
cyc3600,2,3.8021819629123925,0.22366000725369922,4.2000542,2.6999314,39.97851934932076,41.333481,635.3913743971542,-633.9157509546764,736232.3365821288,736230.5770886051,1269.3071253518306
cyc3600,3,3.798870432397541,0.22592803813965745,4.1999559,2.6998959,40.06757817694672,40.87133,644.733973861301,-642.9198399920671,736232.3504520573,736230.5709811136,1287.653813853368
cyc3600,4,3.8078910504233505,0.21950223910451097,4.1998901,2.700037,40.370326321031754,41.518101,616.9182991178521,-614.3597798972762,736232.3084563301,736230.5903999711,1231.2780790151282
cyc3600,5,3.801151890317554,0.22452938442514198,4.2000494,2.6998799,41.02463973376736,42.603565,636.0284284521646,-634.1027114807129,736232.3318549125,736230.5713857325,1270.1311399328774
cyc3600,6,3.803255797694192,0.22285987219845987,4.2000203,2.7001474,41.05905560643807,42.577271,629.3923752841143,-627.5409145416243,736232.3316590994,736230.5859388066,1256.9332898257385
cyc3700,1,3.803987719697022,0.2215904652713046,4.1999373,2.7000604,27.260292404398736,41.823875,631.9050587661472,-632.9968661090367,736239.3129660413,736237.5570969235,1264.9019248751838
cyc3700,2,3.803900983232154,0.22173493168532313,4.2000942,2.6996908,27.187734038587678,42.032219,629.428602388855,-630.7504697119174,736239.3077940472,736237.557407315,1260.1790721007724
cyc3700,3,3.8004306320318944,0.22415869044846012,4.1999559,2.7002568,27.332409848810833,41.582806,638.840639347056,-640.0208026846637,736239.3227824781,736237.5521599693,1278.86144203172
cyc3700,4,3.8097796047396266,0.2173813541655073,4.1999302,2.6999969,27.377178608989812,42.479256,610.8620312828489,-611.0377496467771,736239.2773360084,736237.5684108327,1221.899780929626
cyc3700,5,3.803016174899731,0.22247716429175593,4.1999292,2.7000401,27.629224173508177,42.690872,629.6494221020492,-630.771958067359,736239.3023461655,736237.5516085589,1260.4213801694082
cyc3700,6,3.8051135083348018,0.22077165792104067,4.2000604,2.6999469,27.481533581180617,42.901863,623.2724105245481,-624.3044682237121,736239.3015942472,736237.5648505164,1247.5768787482602
cyc3800,1,3.8041275784961566,0.22130645171375063,4.2000976,2.6998999,40.00224682833096,41.349533,633.4553952982563,-631.2261152476927,736251.4846158561,736249.7300156027,1264.681510545949
cyc3800,2,3.8040246883888327,0.22158816843034265,4.199894,2.6999314,40.012357294175196,41.420822,630.883922153483,-628.8197217600963,736251.4791889502,736249.7301381652,1259.7036439135793
cyc3800,3,3.800332589706995,0.22441268155107308,4.1999559,2.7000163,40.097053305282344,41.008617,640.7149984347653,-638.3487914457677,736251.499926833,736249.7298451281,1279.063789880533
cyc3800,4,3.809720960543752,0.21720035999043383,4.1998901,2.7000773,40.395337031724885,41.617947,612.9005207948873,-609.6425597141325,736251.439127673,736249.7304665887,1222.5430805090198
cyc3800,5,3.802826239022858,0.22251567423270563,4.1999693,2.6999199,41.013954071819924,42.728271,631.7110993176593,-629.0780994342957,736251.4804613092,736249.7301897878,1260.7891987519552
cyc3800,6,3.8049643805717106,0.2206785966837006,4.1999002,2.6999869,41.04980704095732,42.614708,625.5290629789833,-623.0506280226932,736251.4670948649,736249.7304325656,1248.5796910016766
cyc3900,1,3.8038119865418802,0.2224528925101523,4.1999774,2.7000203,40.02586284523685,41.337067,631.5806590010225,-629.9920249586739,736258.4475873846,736256.696210307,1261.5726839596964
cyc3900,2,3.8037557412483802,0.22268278042247938,4.199934,2.6999314,40.0217395650986,41.395889,628.7267217989672,-627.2534563845893,736258.4394664383,736256.6944287603,1255.9801781835565
cyc3900,3,3.8001822913563648,0.22524330472891158,4.199996,2.6998158,40.10961491152945,40.958714,638.6740260391523,-636.937098547058,736258.4573607229,736256.6909181986,1275.6111245862103
cyc3900,4,3.809522850456926,0.21827039156294958,4.1999702,2.6999569,40.40692484424779,41.580509,610.4900076784991,-607.6556620774621,736258.4088580824,736256.7050430808,1218.145669755961
cyc3900,5,3.802594588829415,0.22365803944683216,4.1998491,2.7,41.019732356108314,42.603565,629.6305106429714,-627.77910258215,736258.4359575884,736256.6891944959,1257.4096132251216
cyc3900,6,3.8048534360855726,0.2216957930058077,4.1999803,2.6999068,41.05614957995049,42.564766,622.8839715033807,-621.0676044136796,736258.4328337652,736256.7011708764,1243.9515759170604
cyc4000,1,3.803848803092027,0.2226178706446008,4.2000976,2.6998999,40.07442519589826,41.399475,630.4716009577297,-628.3933541187864,736265.4161441026,736263.667631546,1258.8649550765163
cyc4000,2,3.803911265015632,0.2228846519968709,4.2002144,2.6999714,40.056973352970104,41.420822,627.0219450512297,-625.5453630116339,736265.409549699,736263.6680951162,1252.5673080628635
cyc4000,3,3.800393675114108,0.22529033094464063,4.1998758,2.7000563,40.140047477316735,41.021122,636.9313083741879,-635.2832515714992,736265.4249016194,736263.6620095811,1272.2145599456871
cyc4000,4,3.8096968042834383,0.21851910591029228,4.2000508,2.700037,40.440337001556955,41.592976,608.8655130289243,-606.4132511763034,736265.3799109632,736263.678996378,1215.2787642052276
cyc4000,5,3.802915279415274,0.2236539606199893,4.2000895,2.7000802,41.0168783872666,42.616032,627.8017715614417,-625.801451924146,736265.405536698,736263.6627643879,1253.6032234855877
cyc4000,6,3.805223133449292,0.22178021341629206,4.1999402,2.6999869,41.05582141237443,42.589737,620.6407327485435,-618.7221016891107,736265.4030682397,736263.6762195711,1239.3628344376543
cyc4100,1,3.8048108149875515,0.22148818163952827,4.1999774,2.6999803,40.05652424764176,41.349533,628.3128957593367,-626.184118638348,736274.1942399213,736272.4504016443,1254.4970143976848
cyc4100,2,3.804943393642393,0.2217778866233711,4.2001343,2.6998913,40.04285190541208,41.408356,624.853253629754,-622.8376402251105,736274.1869327025,736272.4506005795,1247.6908938548645
cyc4100,3,3.8011975168771683,0.22426416102142233,4.1998758,2.6998158,40.13149812057599,40.996151,635.2092099916374,-632.9282315692003,736274.2088626133,736272.4503220795,1268.1374415608377
cyc4100,4,3.8108421121430394,0.21724359586406922,4.19981,2.7001574,40.43108499236058,41.642921,606.6971755498852,-603.6638646209962,736274.1467175852,736272.4509439569,1210.3610401708813
cyc4100,5,3.8037543763075403,0.22258802342767628,4.2000494,2.7000401,41.019827353432184,42.728271,626.0948797303766,-623.5109444011146,736274.1890108163,736272.450485186,1249.6058241314913
cyc4100,6,3.8062524069325634,0.22062238248569666,4.1999402,2.700027,41.06031943124466,42.589737,618.6492662005064,-616.2394408161553,736274.1729159828,736272.4507837901,1234.8887070166616
cyc4200,1,3.8045907816954396,0.2223618845964849,4.1999521,2.6998746,40.072931481945076,41.337067,626.3375594530564,-624.657403244016,736281.3887306105,736279.6484995957,1250.9949626970724
cyc4200,2,3.804751669227776,0.22258534575090536,4.1998949,2.6999724,40.05138999020128,41.395889,622.8386398949501,-621.2610971903534,736281.3812346301,736279.6486370285,1244.0997370853036
cyc4200,3,3.8009956820329074,0.22503893987337617,4.1999469,2.6999269,40.142894318189725,41.021122,633.2965625575908,-631.4563953655565,736281.4034333535,736279.6484232392,1264.7529579231473
cyc4200,4,3.810641017159958,0.21813306595085863,4.2001038,2.69997,40.44030473157913,41.630413,604.4230141858148,-601.6382521059841,736281.3400398042,736279.6488701883,1206.0612662917988
cyc4200,5,3.8034780106729276,0.2235476117670291,4.2000241,2.6997745,41.011190659758505,42.678364,624.3278757918295,-622.0678095937755,736281.3837721375,736279.6485710633,1246.3956853856048
cyc4200,6,3.806023691776269,0.2214302878416016,4.1999412,2.6999478,41.0532363731594,42.539795,616.6085901711419,-614.5584711171671,736281.36700529,736279.6487731189,1231.167061288309
cyc4300,1,3.80465168200127,0.22274634712911218,4.1999121,2.699995,40.03223420157308,41.312096,624.4982025550029,-622.8298358901791,736288.3385010728,736286.6020766344,1247.3280384451818
cyc4300,2,3.8048192740755202,0.22302896613604475,4.199935,2.699852,40.01833768109873,41.345989,620.94064473074,-619.4430229929924,736288.3272033988,736286.598503893,1240.3836677237323
cyc4300,3,3.8010992968083994,0.2253062556109829,4.1999469,2.6999669,40.11665827416373,40.971176,631.7879556381326,-629.8903319254973,736288.3480957055,736286.5962826168,1261.67828756363
cyc4300,4,3.810727584982423,0.21867648626973007,4.1999836,2.6998897,40.415292409953125,41.580509,602.429110451521,-599.7486569154545,736288.294743478,736286.6076753843,1202.1777673669753
cyc4300,5,3.8035311920174166,0.22394759017271904,4.1999841,2.7000549,41.01927194640518,42.591099,622.6284491952888,-620.7242223349785,736288.3258120604,736286.5937283759,1243.3526715302673
cyc4300,6,3.8060421705171854,0.22186710816508076,4.2001014,2.6999075,41.06374522898821,42.527328,614.9298311743333,-612.9586951783955,736288.3198410112,736286.6050447338,1227.8885263527288
cyc4400,1,3.8047644127422546,0.222947714695976,4.1999922,2.699955,40.03940369030273,41.312096,622.9789462237262,-621.1661379958813,736295.293222675,736293.5601176358,1244.1450842196075
cyc4400,2,3.804994016090686,0.22317091031597175,4.2000551,2.6999724,40.02336333227747,41.345989,619.2600632202639,-617.7299056512805,736295.276972882,736293.5518527387,1236.9899688715445
cyc4400,3,3.801283376401861,0.2254414775879728,4.200027,2.6998065,40.11774204229195,40.983643,629.9936829576687,-628.1959907460242,736295.3028236306,736293.5546956476,1258.189673703693
cyc4400,4,3.81085214527228,0.2189443667506954,4.1999035,2.7000501,40.416041378841854,41.592976,600.8756679084981,-598.1532223175931,736295.2456677158,736293.5619018213,1199.0288902260913
cyc4400,5,3.8037777476795793,0.22396233535807505,4.1998639,2.6999748,41.021542912438306,42.591099,620.9183215920707,-618.8873198936888,736295.2740750085,736293.5457135991,1239.8056414857595
cyc4400,6,3.806123885203953,0.22217525658651915,4.199821,2.7000279,41.062361941527406,42.46492,613.3094673503366,-611.3490777431505,736295.2724268166,736293.5609681376,1224.6585450934872
cyc4500,1,3.8064457225091153,0.22180536618235533,4.1999922,2.699955,39.96839936025682,41.299629,621.2922505607758,-618.9758637114207,736310.190729803,736301.520972179,1240.2681142721965
cyc4500,2,3.806081282379421,0.22192512603019676,4.199975,2.7000926,40.00941999664166,41.383389,617.4597115983219,-615.3990389104291,736303.2419978853,736301.5211969567,1232.858750508751
cyc4500,3,3.8022378307027713,0.22428828503952192,4.1998663,2.7001274,40.104329847293926,40.996151,627.9707183659465,-625.6015070840997,736303.2640078008,736301.5208506212,1253.572225450046
cyc4500,4,3.8120263293477863,0.2176033804891632,4.2000237,2.69997,40.39768630380121,41.568005,598.9606860266011,-595.8528632840942,736303.2010061266,736301.5215489591,1194.8135493106952
cyc4500,5,3.8047194038536882,0.22273767786388515,4.2001042,2.7000949,41.01737351508352,42.753204,619.4679377495956,-616.88360978853,736303.2457659253,736301.5210726165,1236.3515475381255
cyc4500,6,3.8072841755099827,0.22085174220512033,4.1999011,2.6999478,41.06357590825721,42.577271,611.0146241565857,-608.6009353906929,736303.2273785126,736301.5213072785,1219.6155595472787
cyc4600,1,3.8051710808546946,0.2230648509695278,4.1999922,2.699955,39.98122606349771,41.237221,619.7750823572413,-618.001151589201,736310.190729803,736308.4643284867,1237.7762339464423
cyc4600,2,3.8055623256704982,0.22314861045075488,4.199935,2.699852,39.98165289705303,41.296082,615.697469545141,-614.0380837478976,736310.178949699,736308.4615538553,1229.7355532930387
cyc4600,3,3.801987308812031,0.22530203981995034,4.1999469,2.6998465,40.08299756718205,40.921234,625.9190678151923,-624.0112882016246,736310.1982712923,736308.4589674708,1249.9303560168169
cyc4600,4,3.811527787612746,0.21886885884955878,4.1999035,2.7001705,40.377772103171665,41.555538,597.100690830692,-594.2114268468696,736310.1474611242,736308.4719191161,1191.3121176775617
cyc4600,5,3.8041776148338506,0.22406166487415455,4.199904,2.6999748,41.02339257447264,42.578632,617.9274436332685,-615.6846278495178,736310.1786149242,736308.4568234632,1233.6120714827862
cyc4600,6,3.805718762155728,0.22210993712985502,4.2000613,2.6999478,41.06919326629798,42.539795,608.987729379525,-597.2926074130062,736310.1581648348,736308.4676135833,1206.2803367925312
cyc4800,1,3.805567871703307,0.22319157558252703,4.2001925,2.7000346,40.017398016479,41.274654,616.5883166288453,-614.7693725068431,736326.2322759201,736324.5127193034,1231.3576891356884
cyc4800,2,3.806026040368063,0.22323507228510622,4.1998615,2.6998186,40.01148199344546,41.321014,612.358982883884,-610.6088167480617,736326.2214840698,736324.5113290012,1222.9677996319456
cyc4800,3,3.8024189229559857,0.22539594974439697,4.1999931,2.6999733,40.10747132488226,40.946209,622.6914745198313,-620.807508662378,736326.2397847397,736324.5072907703,1243.4989831822095
cyc4800,4,3.8119310983754646,0.21919388586064364,4.199924,2.7001913,40.4015350441264,41.580509,593.7668173563759,-591.0016038234304,736326.1906783876,736324.5220331274,1184.7684211798064
cyc4800,5,3.804675438773605,0.22410292446768837,4.2001014,2.6998515,41.02040635126014,42.603565,614.3744901884087,-612.2482190171492,736326.2202895273,736324.5059239218,1226.6227092055578
cyc4800,6,3.807589490721612,0.2223705817736003,4.1999612,2.6998072,41.07640345468482,42.539795,605.4426281999681,-603.4102254558394,736326.2138081718,736324.5195743792,1208.8528536558074
cyc5000,1,3.8064149110855254,0.22249056424355734,4.1999211,2.6999638,39.93478959917965,41.237221,612.9557148418605,-610.6551254140998,736350.4215497265,736348.710075142,1223.6108402559603
cyc5000,2,3.800306734341984,0.2266221599018212,4.2001114,2.7000685,39.954908821461444,41.508163,607.7085162890218,-602.2739330873786,736350.4195592471,736348.7180857229,1209.9824493764004
cyc5000,3,3.8034042995505777,0.22461631184228906,4.2000256,2.7000456,40.05675965797546,40.908768,618.5390638262944,-616.1358936610463,736350.4330770408,736348.7099447739,1234.6749574873406
cyc5000,4,3.811249995467074,0.21956057997142683,4.200026,2.6999323,40.348228341515195,41.493126,593.0556021340977,-589.9604183803021,736350.3778439396,736348.7106364475,1183.0160205143998
cyc5000,5,3.7714364626726744,0.23863353053584146,4.1998239,2.699975,41.204073227058274,42.852932,554.0294757988671,-512.9622874215563,736350.275912662,736348.7243650261,1066.9917632204233
cyc5000,6,3.8066960515585824,0.22207582358322717,4.2000527,2.7000194,41.092194433933315,42.527328,589.2800112536198,-586.9729894110887,736350.3707003875,736348.7102353666,1176.2530006647085
cyc5100,1,3.806226705265246,0.22330268197996653,4.2000813,2.6998434,40.00023532442569,41.19978,611.4478667170278,-609.5564639897748,736357.3175139318,736355.6088249478,1221.0043307068026
cyc5100,2,3.800602724740262,0.22832158157037424,4.1999507,2.699908,39.9975281189471,41.508163,606.714550994445,-603.0496848444927,736357.3139375912,736355.6127137139,1209.7642358389376
cyc5100,3,3.8032920939075407,0.22534764019957274,4.1999855,2.7000456,40.08825290310701,40.896301,617.0463099444097,-614.9069560883212,736357.324188158,736355.6039312901,1231.9532660327309
cyc5100,4,3.8109058645097456,0.2206548613559338,4.2001061,2.7000527,40.39366795328953,41.480625,591.4748438762954,-588.7330158677233,736357.2209993345,736355.5567613171,1180.2078597440186
cyc5200,1,3.808517155394251,0.22020100389165279,4.2001333,2.7001359,40.25311631967273,41.524292,609.5336458034024,-606.892169498798,736369.4055607738,736367.7022468341,1216.4258153022004
cyc5200,2,3.804859717881306,0.22311102563016263,4.2001452,2.6999824,40.147955998345346,41.782658,606.096624628807,-602.0835934876216,736369.4074932672,736367.7077143872,1208.1802181164285
cyc5200,3,3.8052737665685887,0.22271787346232247,4.1999497,2.6997695,40.15675273906491,40.996151,615.3081136792704,-612.4505167960189,736369.4177088359,736367.7022028479,1227.7586304752892
cyc5300,1,3.8073016936488937,0.2224129393488321,4.1999726,2.7000155,40.26094645074356,41.499325,607.8799337317861,-605.9156530483347,736376.2839918889,736374.5834068095,1213.7955867801206
cyc5300,2,3.8027111815885406,0.22716364613060003,4.199945,2.6999424,40.14954898784844,41.670383,603.3751111666056,-600.3916795019693,736376.2847630454,736374.5900522434,1203.766790668575
cyc5300,3,3.8042214723428733,0.22470538632219628,4.1999497,2.7000904,40.154215285200635,40.983643,613.498163947481,-611.4003419523282,736376.3032396015,736374.59072765,1224.8985058998092
cyc5400,1,3.8072744317575187,0.22287964446499178,4.1999326,2.7000556,40.281472047674455,41.486858,606.4458797431236,-604.3805766979642,736383.1594054251,736381.4619530803,1210.8264564410879
cyc5400,2,3.8024670535334906,0.22806354505996684,4.199945,2.6998622,40.16649136614783,41.670383,602.0105990527647,-599.1830281673992,736383.1590348191,736381.4671824524,1201.193627220164
cyc5400,3,3.804286151755588,0.22504585068082145,4.1999497,2.7001305,40.17409746189618,40.983643,612.0640068582984,-609.9150750572594,736383.1859050192,736381.4764624785,1221.9790819155578
cyc5500,1,3.8095949746311173,0.21961321573932088,4.1999726,2.6999755,40.31289865478451,41.611675,604.5365332663405,-601.7465452983114,736395.6829687096,736393.9903112206,1206.283078564652
cyc5500,2,3.8069490707924274,0.22218803517617586,4.2000651,2.7000628,40.18329370447894,41.832565,600.2863890952538,-596.9699466981046,736395.6830198208,736393.9951058942,1197.2563357933584
cyc5500,3,3.8062513400716145,0.22223542148116446,4.1998696,2.6998899,40.189967516167535,41.033588,610.6694256484511,-607.7692408526206,736395.6960808483,736393.9903138619,1218.4386665010716
cyc5600,1,3.808127213728503,0.2222932938680612,4.2000527,2.7000556,40.32536442096597,41.524292,602.7905144350497,-600.7844981234758,736402.5508530003,736400.8611067941,1203.5750125585255
cyc5600,2,3.8042597364331874,0.22677387127533508,4.2000651,2.7000227,40.19252902566293,41.720291,597.3497174053082,-594.692353235511,736402.5472889792,736400.8653718652,1192.042070640819
cyc5600,3,3.8049056295888426,0.22467530346368958,4.2000303,2.6998899,40.19763551979714,41.046093,609.1230155008207,-607.0082432863414,736402.5729516284,736400.8696658068,1216.131258787162
cyc5700,1,3.80803424416037,0.22293297875420384,4.2001333,2.7000155,40.33174409192282,41.599209,601.3640387301517,-599.3230063588715,736409.4157208522,736407.729032117,1200.6870450890233
cyc5700,2,3.803737659919631,0.22787194722992024,4.2001052,2.6999023,40.19684681872302,41.68285,596.1793349937508,-593.5836201379675,736409.4090767783,736407.729705403,1189.7629551317182
cyc5700,3,3.8048572218041836,0.2251995913895515,4.1999903,2.7000103,40.20429659384079,40.996151,607.697006635883,-605.5526792870907,736409.4464461763,736407.746248002,1213.2496859229736
cyc5800,1,3.8085113980463574,0.22246634370225757,4.2000928,2.6997349,40.34101856243561,41.599209,599.8805800024243,-597.4881280022205,736416.4751843495,736414.7919892462,1197.3687080046448
cyc5800,2,3.8044343621002352,0.22720605706377403,4.2000651,2.6998622,40.20750999828339,41.757725,594.8104977393851,-591.852146886817,736416.4729215875,736414.7965456488,1186.662644626202
cyc5800,3,3.80535920843198,0.2246651137531177,4.1999097,2.7000504,40.21316805820433,41.08353,606.1986334523401,-603.7781894076979,736416.4887108075,736414.7919470493,1209.976822860038
cyc5900,1,3.808133336898179,0.2234697844976172,4.1999726,2.699775,40.353252347710686,41.574238,598.6810538499772,-596.4736950944952,736423.3343201102,736421.6534860135,1195.1547489444724
cyc5900,2,3.8037795783476214,0.22866580581116677,4.2000651,2.6999424,40.21308665660914,41.732754,592.6555363158799,-589.9116631275526,736423.3268266332,736421.6552409836,1182.5671994434324
cyc5900,3,3.8051760398444348,0.22549253976962463,4.2000303,2.7000904,40.22317578315804,41.08353,604.6083370706295,-602.4578712305332,736423.3556197993,736421.6620022901,1207.0662083011628
cyc6000,1,3.8080769072911282,0.22384196033098844,4.2000127,2.6998951,40.32110167725493,41.561733,597.6578954864232,-595.3055799215452,736430.1912932365,736428.5127608251,1192.9634754079684
cyc6000,2,3.803884601993917,0.22887945442528496,4.2000251,2.7001028,40.18619894025759,41.68285,590.8562404055803,-588.1190086135881,736430.1770693193,736428.5093378162,1178.9752490191684
cyc6000,3,3.805303495594697,0.22568947602616554,4.1999097,2.7000904,40.19762014135052,40.971176,603.0828461847738,-600.7725310906898,736430.2190893772,736428.5288942998,1203.8553772754635
cyc6100,1,3.8097245905904127,0.2215678703337824,4.1999307,2.7000136,40.362987072219134,41.624142,596.9776389819064,-594.0821974938694,736438.27796011,736436.6012041303,1191.0598364757757
cyc6100,2,3.8070095177832233,0.22517993960593904,4.2001181,2.699995,40.22130622375118,41.90744,589.7839344953632,-586.415549403367,736438.2708636783,736436.6054264753,1176.1994838987303
cyc6100,3,3.8069549713865825,0.22372399543705038,4.199832,2.6999724,40.336884063450654,41.195847,601.6550228033117,-598.7427291933594,736438.2873792781,736436.6007758827,1200.397751996671
cyc6200,1,3.8083447274014754,0.2237461022823611,4.2000508,2.7000537,40.31705351299447,41.574238,595.5529260278414,-593.13280972219,736445.1304757027,736443.4564747899,1188.6857357500314
cyc6200,2,3.804638629367356,0.22853845251092336,4.1999578,2.7000353,40.1823594979239,41.782658,587.6604216720785,-584.9457641390305,736445.114192579,736443.4533215506,1172.606185811109
cyc6200,3,3.80588083168747,0.22559331470396904,4.1999521,2.7000127,40.29637795599985,41.170914,599.9850932752383,-597.4266592903002,736445.143768212,736443.460557896,1197.4117525655386
cyc6300,1,3.808306878647885,0.22416318653439937,4.2000914,2.6997731,40.329697036088604,41.5368,594.1375686098429,-591.7480566701475,736451.9798420926,736450.3088092193,1185.8856252799906
cyc6300,2,3.8045404459467647,0.22895757042376969,4.2001181,2.6998749,40.18922459622885,41.657917,585.9333282491676,-583.165795402726,736451.9539370025,736450.2968450813,1169.0991236518935
cyc6300,3,3.8059376799970472,0.22582206575498645,4.2000728,2.6998119,40.30407485045763,41.071026,598.7364711451348,-596.14994447971,736451.9979174626,736450.3174113458,1194.8864156248449
cyc6400,1,3.8108319886044346,0.22084420089577225,4.2000914,2.6997731,40.40439818651015,41.649113,593.314456699919,-590.3400559355977,736461.144263419,736459.4753354266,1183.6545126355168
cyc6400,2,3.8089679004028887,0.22355563390821986,4.200038,2.6998749,40.250038345115925,41.919907,585.2639917457445,-581.7874110895004,736461.1352251653,736459.4796714359,1167.051402835245
cyc6400,3,3.808124424041734,0.22309139140590833,4.2001128,2.7000127,40.36850683953677,41.245789,597.7331401882664,-594.7468774412197,736461.1535467585,736459.4753238803,1192.4800176294862
cyc6500,1,3.808891109612872,0.22381539345247808,4.2000108,2.6998935,40.38431275271587,41.611675,591.585461343478,-589.0980097785051,736467.9885156035,736466.3230069233,1180.683471121983
cyc6500,2,3.80569533263619,0.22808496495026284,4.1999178,2.699955,40.24221676887619,41.795166,582.376988606937,-579.4991336915784,736467.9669904377,736466.3176452678,1161.8761222985154
cyc6500,3,3.8065685001928284,0.22544889339626825,4.1999922,2.7001729,40.359071597248494,41.220818,595.9283045927149,-593.3209001927557,736468.0010768613,736466.3265633541,1189.2492047854707
cyc6600,1,3.8087848777732036,0.22437547221015783,4.1998105,2.6998532,40.40178690553892,41.586704,590.1599356693898,-587.7642882722346,736474.8296260732,736473.1670125767,1177.9242239416244
cyc6600,2,3.805520071751348,0.22879254022260856,4.200038,2.7001956,40.25087117287915,41.670383,580.3426747631794,-577.4754452387627,736474.7945634198,736473.1496625182,1157.8181200019421
cyc6600,3,3.8065567155973534,0.2258242926277146,4.2001529,2.7000127,40.37586849353208,41.208351,594.6168395822644,-591.995805598916,736474.8460803807,736473.1743763046,1186.6126451811806
cyc6700,1,3.8132550251782895,0.21873079361080727,4.1999726,2.699935,40.36763177749418,41.586704,588.8961009323644,-585.7969772150047,736492.1395860242,736490.4807279614,1174.6930781473693
cyc6700,2,3.811134686991808,0.2202099735398521,4.1999302,2.7000074,40.24825622632883,41.869999,583.3375787726377,-579.6603403036652,736492.1360059172,736490.4855123109,1162.9979190763029
cyc6700,3,3.8100436481616553,0.22112366031577566,4.1999588,2.7000191,40.36659307297558,41.208351,594.0666041773868,-590.8558414702158,736492.1503087041,736490.4806671673,1184.9224456476027
cyc6800,1,3.8109431238840794,0.2220160234427176,4.1999321,2.7000153,40.35394809303726,41.586704,586.6435489963192,-584.2053385216658,736498.9723461947,736497.3176817396,1170.848887517985
cyc6800,2,3.807914147495021,0.22549955410610678,4.2000504,2.7000074,40.23863462459782,41.807632,578.8568265853814,-575.9044268112242,736498.9593659953,736497.318203651,1154.7612533966058
cyc6800,3,3.8079940605936313,0.22418485866780194,4.1999588,2.699939,40.35962328495786,41.258255,592.241180544108,-589.7459197411313,736498.9893204586,736497.3228266245,1181.9871002852392
cyc6900,1,3.8105800381830526,0.2228255272661272,4.2000527,2.7000954,40.36436692657541,41.586704,585.5049003120863,-583.1103574568108,736505.802689707,736504.150393668,1168.6152577688972
cyc6900,2,3.8073159171540563,0.22680965910539372,4.1998897,2.6998072,40.24635835026707,41.732754,576.9674027219976,-574.1418683123576,736505.7788690837,736504.141602456,1151.109271034355
cyc6900,3,3.8076621879614407,0.2250429559048519,4.1998787,2.6998987,40.36737746577492,41.195847,591.1724795501422,-588.6367376488884,736505.8260551597,736504.1618403367,1179.8092171990306
cyc7000,1,3.813719610866112,0.21909531958692627,4.2000127,2.6998949,40.31918199394856,41.561733,584.6999215845574,-581.5814147327457,736517.3472537195,736515.6970281721,1166.2813363173032
cyc7000,2,3.8129481016101012,0.22028931102248628,4.1999702,2.6999273,40.21145695231476,41.894974,575.653674853875,-572.0782703231692,736517.3348966388,736515.7006906188,1147.7319451770443
cyc7000,3,3.810425216224112,0.22152536311009555,4.200119,2.6999791,40.331034789932964,41.220818,590.4499722155186,-587.2763298934105,736517.3592319388,736515.696887392,1177.7263021089293
cyc7100,1,3.813719610866112,0.21909531958692627,4.2000127,2.6998949,40.31918199394856,41.561733,584.6999215845574,-581.5814147327457,736517.3472537195,736515.6970281721,1166.2813363173032
cyc7100,2,3.809996863182364,0.22365083247801176,4.2000103,2.6998873,40.24164248022161,41.782658,572.9016878848284,-569.6411781928693,736524.2343356936,736522.6055577948,1142.542866077698
cyc7100,3,3.80798208381945,0.22494678417878403,4.1999588,2.6998587,40.364310876246535,41.220818,589.0835208290794,-586.7557088696908,736524.2473273878,736522.5871227857,1175.8392296987702
cyc7200,1,3.811189827921783,0.22264919412193904,4.2000127,2.6998549,40.361263091215704,41.574238,582.5791730782776,-580.3310110238529,736524.2275371439,736522.5811224224,1162.9101841021304
cyc7200,2,3.808108455807002,0.22647487347641293,4.2000103,2.7000475,40.27396489173977,41.807632,571.3932176048058,-568.4382798825412,736531.0424136453,736529.4168453191,1139.831497487347
cyc7200,3,3.807603654616512,0.22567204613615208,4.200079,2.6997385,40.40348761778964,41.245789,588.0550762488759,-585.5379517243364,736531.0778876436,736529.420044954,1173.5930279732124
cyc7300,1,3.8106984038372405,0.22356850867200417,4.2000527,2.7001355,40.41774515626306,41.574238,581.3877355025922,-578.997425634263,736531.0496204838,736529.405818277,1160.3851611368552
cyc7300,2,3.8071790621810284,0.2273034656394311,4.1999302,2.7001278,40.24098088528659,41.770191,571.9927815768839,-568.9953193436108,736537.8521092838,736536.2249411555,1140.9881009204946
cyc7300,3,3.8074372563170775,0.22618574564313934,4.1998386,2.6999791,40.359046827678405,41.220818,587.0452852324626,-584.3001439912731,736537.9057097929,736536.250168381,1171.3454292237357
cyc7400,1,3.810337666480128,0.2243001434356393,4.2000928,2.7000954,40.36259633333333,41.586704,580.6797149073521,-577.6536528692308,736537.8701841306,736536.2285020764,1158.333367776583
cyc7400,2,3.798014065028879,0.22194300112517787,4.1999702,2.7000475,40.23812827775141,41.74522,586.6787485515272,-553.3350782432574,736545.3012173566,736543.6710179799,1140.0138267947846
cyc7400,3,3.808414731393418,0.2251238171069691,4.2000389,2.699939,40.36670019301027,41.308201,585.9718944418308,-583.0204809869988,736545.1093471064,736543.4560934984,1168.9923754288297
cyc7500,1,3.8115711579863363,0.22283429779008715,4.1999497,2.699832,40.34326037380253,41.624142,579.3607177308036,-576.4477454977145,736545.0957338752,736543.456336466,1155.8084632285181
cyc7500,2,3.8045758429366385,0.22858144302212627,4.1998496,2.6998472,40.22652283467015,41.632946,578.3809579031457,-575.3084837284631,736552.1260439529,736550.4842276974,1153.6894416316088
cyc7500,3,3.8075040043571997,0.22663217018697612,4.1999187,2.699939,40.3688571989107,41.18338,584.6337323742217,-581.9424590366042,736551.9325688097,736550.2820967269,1166.576191410826
cyc7600,1,3.8104621884984513,0.2246846421926403,4.2000299,2.6999123,40.34577660501663,41.499325,578.1088178667446,-575.4277329877234,736551.9112527294,736550.2745392848,1153.536550854468
cyc7600,2,3.8050034869672733,0.22872550754740553,4.2000904,2.6999273,40.249600732004176,41.657917,574.4942795800933,-571.4185320188989,736558.9424397668,736557.309086226,1145.9128115989922
cyc7600,3,3.8074757434273367,0.22689601864498518,4.1998787,2.6998587,40.382359829429156,41.195847,583.4560066076695,-580.8192390009715,736558.7535246353,736557.1054667545,1164.275245608641
cyc7700,1,3.8102744046380694,0.2251595463877704,4.1999898,2.6997919,40.37030054684029,41.499325,577.1272974349874,-574.6126792892219,736558.7249877433,736557.0901748019,1151.7399767242093
cyc7700,2,3.805383561074035,0.22707373784635676,4.2000103,2.7000475,40.26056919326386,41.882507,572.0879204411823,-567.2358392533012,736566.313545229,736564.6844711719,1139.3237596944834
cyc7700,3,3.809043239526142,0.2250423947773832,4.200079,2.7000992,40.37635327231651,41.195847,582.90155114702,-579.8754364185736,736566.3215031936,736564.674581642,1162.7769875655936
cyc7800,1,3.812037001404613,0.22304047054009757,4.1999497,2.7000725,40.36664986034463,41.499325,576.546518170005,-573.6206136357176,736566.3084555595,736564.6747666374,1150.1671318057226
cyc7800,3,3.8075823186104034,0.22714299536082033,4.2000389,2.699939,40.380763187207485,41.158405,581.3410023125864,-578.6960814710321,736573.137682018,736571.4940087555,1160.0370837836185
cyc7900,1,3.810421378348137,0.22529309042324616,4.1998291,2.6999924,40.37917218568078,41.486858,575.0278854090083,-572.4335069682618,736573.1180829887,736571.4876752123,1147.46139237727
cyc7900,3,3.807447867420314,0.22755291793662158,4.2000389,2.699939,40.372003760980625,41.145939,580.312406507707,-577.5382351599139,736579.95206477,736578.3106876389,1157.850641667621
cyc8000,1,3.8102962492621275,0.22568984545955226,4.1999898,2.6999524,40.35615980491658,41.486858,573.9214852497796,-571.2954339030254,736579.925084936,736578.2970261839,1145.216919152805
cyc8000,3,3.809801118898389,0.22483486882843223,4.1998787,2.6998987,40.39225629479349,41.245789,580.1466768388892,-577.0187413037686,736588.2631928477,736586.6219936211,1157.165418142658
cyc8100,1,3.813243198157732,0.222301805462092,4.20011,2.7000725,40.39766955997992,41.611675,573.3800271312832,-570.2711508016595,736588.2491500978,736586.622190378,1143.6511779329426
cyc8100,3,3.8077880029927287,0.22746725711921026,4.1999989,2.6999791,40.35373889219288,41.133438,578.2262661906129,-575.3850715024092,736595.0731570553,736593.4361884282,1153.611337693022
cyc8200,1,3.8107566817256724,0.22546431181884388,4.1999097,2.6999924,40.32977521245889,41.449417,571.6387403558917,-568.85520784172,736595.0512203183,736593.4280845006,1140.4939481976116
