cell_id,voltage_mean,voltage_std,voltage_max,voltage_min,temperature_mean,temperature_max,capacity,capacity_fade,cycle_number,SOH
1,3.7804141760517895,0.2364291975723532,4.1999769,2.6998193,39.96342697380896,41.295536,1484.8078887380275,0.0,0,1.0
1,3.7811049392148655,0.2364153599325825,4.200017,2.6998594,39.93761036415511,41.124866,1473.9379428477232,-10.86994589030428,1,0.9926792240445712
1,3.781842016570536,0.2360475047581513,4.1998968,2.7000198,39.96855303878274,41.243099,1465.939631434611,-7.998311413112106,2,0.9872924588786681
1,3.7826288211052392,0.2356136154468693,4.1998806,2.6999636,39.932417465468816,41.124866,1457.1536905819191,-8.785940852691965,3,0.9813752348934431
1,3.783453793064076,0.2350828314375316,4.1998806,2.7000437,39.959566495353776,41.124866,1450.2068544418926,-6.946836140026562,4,0.9766966254970917
1,3.7840737682045646,0.2346841383399432,4.2000809,2.6998432,39.96187810554742,41.124866,1443.3830932349165,-6.823761206976087,5,0.9721009055667673
1,3.7848138979651256,0.2341603589421031,4.1999207,2.6999636,39.95113607091416,41.087425,1436.7012455846143,-6.681847650302188,6,0.9676007626856696
1,3.785935724617699,0.2335865089322595,4.1999211,2.7000439,39.99579418731192,41.174809,1430.1364805078056,-6.564765076808726,7,0.9631794734895378
1,3.78661378676888,0.2332375505117117,4.2000413,2.7000439,40.00326113397705,41.174809,1423.8675476401072,-6.268932867698368,8,0.9589574236774059
1,3.787357457996529,0.2326948511016034,4.1999612,2.6999238,40.02312589248078,41.212246,1417.2959189301828,-6.5716287099244255,9,0.9545315119080996
1,3.788069290192416,0.232200672539724,4.2000413,2.6999238,39.990410718475616,41.174809,1410.8642521867705,-6.431666743412279,10,0.9501998628158533
1,3.788780659996247,0.2317201946081597,4.1998806,2.6998034,40.03122921387464,41.262188,1404.409155183755,-6.455097003015453,11,0.9458524337295883
1,3.7894593623138784,0.2311956034586405,4.2000012,2.6999238,39.99679340412766,41.212246,1398.4027551367244,-6.006400047030638,12,0.941807196569557
1,3.7900878461448673,0.2308003008068178,4.1998806,2.6998837,39.97665013026059,41.187275,1392.46405374941,-5.938701387314495,13,0.9378075536309934
1,3.790684254502835,0.2303542770530328,4.2000012,2.6999638,40.01545038176692,41.19978,1386.849307787254,-5.614745962155894,14,0.9340260907193653
1,3.792062413620679,0.2293105988436621,4.199955,2.6999977,0.5203090025138987,0.52218843,1374.9286849216537,-11.920622865600308,16,0.9259976966382077
1,3.79335308422478,0.2283974392431838,4.199955,2.6999977,40.01191386833028,41.312096,1362.7134557722034,-12.215229149450352,18,0.9177708888187582
1,3.7940731839853616,0.2278976940418732,4.2000537,2.7001767,40.05129209829004,41.262188,1356.68466989043,-6.028785881773274,19,0.913710575072111
1,3.79464471715122,0.2275222542376338,4.1998734,2.6999962,39.91998354406504,41.174809,1351.150972068544,-5.533697821886108,20,0.909983697094254
1,3.795095263668125,0.2273613806868598,4.1998334,2.7000365,39.95640204146803,41.212246,1345.878413865861,-5.272558202683058,21,0.9064326934643068
1,3.795864884357469,0.2267102523440979,4.2000227,2.6998651,40.01747421075424,41.249683,1339.4997310651738,-6.378682800687102,22,0.9021367284111385
1,3.7962390123068817,0.226703044201593,4.2000628,2.700146,40.02946899255526,41.299629,1334.1741850336907,-5.3255460314831,23,0.8985500381248891
1,3.796921875986635,0.2260462701059742,4.1999502,2.6999531,40.04254699444242,41.362038,1328.6276358271966,-5.546549206494092,24,0.8948145048962718
1,3.797255355020587,0.2261010760347402,4.1999907,2.7001135,40.072927037687606,41.337067,1323.7099382710826,-4.917697556114035,25,0.8915024955828691
1,3.798223550496965,0.2250360699687736,4.2001152,2.7000778,40.07147828033487,41.411942,1317.9805176904415,-5.72942058064109,26,0.8876438007145986
1,3.798335426361933,0.2254427369748279,4.1999545,2.6999974,40.09255409831348,41.312096,1313.6561637589894,-4.324353931452151,27,0.8847314010942493
1,3.798744488471742,0.2253255010632751,4.1999145,2.6998773,40.08129207357534,41.374504,1309.1799103447283,-4.476253414261009,28,0.8817166990252393
1,3.7998695739943305,0.2238793312658614,4.2001953,2.6999574,40.06213982795626,41.3246,1302.8847047542538,-6.295205590474552,29,0.8774769548548167
1,3.7998133757832058,0.2245955124336441,4.1999145,2.6999574,40.143718363048926,41.424446,1299.499729570949,-3.384975183304732,30,0.8751972153619307
1,3.800069106631597,0.2246577882116333,4.1999545,2.6999574,40.10483547649754,41.411942,1295.5452181406445,-3.954511430304592,31,0.8725339001544222
1,3.8016954844472375,0.2234450861822546,4.1999145,2.6999974,40.02165246492631,41.374504,1290.7472078669434,-4.798010273701038,32,0.8693024987656681
1,3.800841462611905,0.2243051663809202,4.1998744,2.7000377,40.03166023306909,41.299629,1286.885420625434,-3.861787241509319,33,0.8667016321681775
1,3.80395939941004,0.2219990732987866,4.1998973,2.6999402,33.89443057992065,41.162304,1273.7611588542077,-13.12426177122643,35,0.8578626019671856
1,3.8024193380214624,0.223327187021349,4.1999373,2.7000604,39.9534752353611,41.187275,1274.1519412944624,0.39078244025472486,36,0.8581257891735702
1,3.803987719697022,0.2215904652713046,4.1999373,2.7000604,27.260292404398736,41.823875,1264.9019248751838,-9.250016419278609,37,0.8518960159554736
1,3.804127578496157,0.2213064517137506,4.2000976,2.6998999,40.00224682833096,41.349533,1264.681510545949,-0.22041432923469984,38,0.8517475695935527
1,3.80381198654188,0.2224528925101523,4.1999774,2.7000203,40.02586284523685,41.337067,1261.5726839596964,-3.1088265862526896,39,0.8496538128120643
1,3.803848803092027,0.2226178706446008,4.2000976,2.6998999,40.07442519589826,41.399475,1258.8649550765165,-2.707728883179925,40,0.8478301904406332
1,3.804810814987552,0.2214881816395282,4.1999774,2.6999803,40.05652424764176,41.349533,1254.4970143976848,-4.367940678831701,41,0.8448884356776355
1,3.80459078169544,0.2223618845964849,4.1999521,2.6998746,40.07293148194508,41.337067,1250.9949626970724,-3.5020517006123555,42,0.8425298465785509
1,3.80465168200127,0.2227463471291121,4.1999121,2.699995,40.03223420157308,41.312096,1247.3280384451818,-3.6669242518905776,43,0.8400602178274489
1,3.804764412742255,0.222947714695976,4.1999922,2.699955,40.03940369030273,41.312096,1244.1450842196075,-3.182954225574349,44,0.8379165369851551
1,3.8064457225091153,0.2218053661823553,4.1999922,2.699955,39.96839936025682,41.299629,1240.2681142721965,-3.8769699474109984,45,0.8353054450204525
1,3.805171080854695,0.2230648509695278,4.1999922,2.699955,39.98122606349771,41.237221,1237.7762339464423,-2.4918803257542095,46,0.8336271940193266
1,3.805567871703307,0.223191575582527,4.2001925,2.7000346,40.017398016479,41.274654,1231.3576891356884,-6.418544810753929,48,0.8293043823886521
1,3.806414911085525,0.2224905642435573,4.1999211,2.6999638,39.93478959917965,41.237221,1223.6108402559605,-7.74684887972785,50,0.8240869741714099
1,3.806226705265246,0.2233026819799665,4.2000813,2.6998434,40.00023532442569,41.19978,1221.0043307068026,-2.606509549157863,51,0.8223315217866753
1,3.808517155394251,0.2202010038916527,4.2001333,2.7001359,40.25311631967273,41.524292,1216.4258153022004,-4.578515404602285,52,0.8192479475146571
1,3.8073016936488937,0.2224129393488321,4.1999726,2.7000155,40.26094645074356,41.499325,1213.7955867801206,-2.630228522079733,53,0.8174765206910057
1,3.807274431757519,0.2228796444649917,4.1999326,2.7000556,40.281472047674455,41.486858,1210.826456441088,-2.9691303390325174,54,0.8154768476278756
1,3.809594974631117,0.2196132157393208,4.1999726,2.6999755,40.31289865478451,41.611675,1206.283078564652,-4.543377876436125,55,0.8124169380524371
1,3.808127213728503,0.2222932938680612,4.2000527,2.7000556,40.32536442096597,41.524292,1203.5750125585255,-2.7080660061265007,56,0.8105930886328141
1,3.80803424416037,0.2229329787542038,4.2001333,2.7000155,40.33174409192282,41.599209,1200.6870450890233,-2.8879674695022004,57,0.8086480777722126
1,3.808511398046357,0.2224663437022575,4.2000928,2.6997349,40.34101856243561,41.599209,1197.3687080046448,-3.318337084378527,58,0.8064132182260401
1,3.808133336898179,0.2234697844976172,4.1999726,2.699775,40.353252347710686,41.574238,1195.1547489444724,-2.2139590601723285,59,0.8049221438069419
1,3.808076907291128,0.2238419603309884,4.2000127,2.6998951,40.32110167725493,41.561733,1192.9634754079684,-2.1912735365040135,60,0.8034463478112954
1,3.8097245905904127,0.2215678703337824,4.1999307,2.7000136,40.362987072219134,41.624142,1191.0598364757757,-1.9036389321927345,61,0.8021642702128186
1,3.808344727401475,0.2237461022823611,4.2000508,2.7000537,40.31705351299447,41.574238,1188.6857357500314,-2.374100725744256,62,0.8005653423355145
1,3.808306878647885,0.2241631865343993,4.2000914,2.6997731,40.32969703608861,41.5368,1185.8856252799906,-2.800110470040863,63,0.798679502092289
1,3.8108319886044346,0.2208442008957722,4.2000914,2.6997731,40.40439818651015,41.649113,1183.6545126355168,-2.2311126444737965,64,0.7971768749434192
1,3.808891109612872,0.223815393452478,4.2000108,2.6998935,40.38431275271587,41.611675,1180.683471121983,-2.9710415135336916,65,0.7951759147275768
1,3.808784877773204,0.2243754722101578,4.1998105,2.6998532,40.40178690553892,41.586704,1177.9242239416244,-2.7592471803586704,66,0.793317595411464
1,3.8132550251782895,0.2187307936108072,4.1999726,2.699935,40.36763177749418,41.586704,1174.6930781473693,-3.2311457942550987,67,0.7911414581355491
1,3.81094312388408,0.2220160234427176,4.1999321,2.7000153,40.35394809303726,41.586704,1170.848887517985,-3.8441906293842294,68,0.788552442641665
1,3.810580038183053,0.2228255272661272,4.2000527,2.7000954,40.36436692657541,41.586704,1168.6152577688972,-2.233629749087868,69,0.7870481202535435
1,3.813719610866112,0.2190953195869262,4.2000127,2.6998949,40.31918199394856,41.561733,1166.2813363173032,-2.333921451594051,70,0.7854762526272355
1,3.813719610866112,0.2190953195869262,4.2000127,2.6998949,40.31918199394856,41.561733,1166.2813363173032,0.0,71,0.7854762526272355
1,3.811189827921783,0.222649194121939,4.2000127,2.6998549,40.3612630912157,41.574238,1162.9101841021304,-3.371152215172742,72,0.7832058227347611
1,3.810698403837241,0.2235685086720041,4.2000527,2.7001355,40.41774515626306,41.574238,1160.3851611368552,-2.525022965275184,73,0.7815052505702225
1,3.810337666480128,0.2243001434356393,4.2000928,2.7000954,40.36259633333333,41.586704,1158.333367776583,-2.0517933602723133,74,0.7801233927717593
1,3.811571157986336,0.2228342977900871,4.1999497,2.699832,40.34326037380253,41.624142,1155.808463228518,-2.524904548065024,75,0.7784229003597672
1,3.8104621884984513,0.2246846421926403,4.2000299,2.6999123,40.34577660501663,41.499325,1153.536550854468,-2.2719123740498617,76,0.7768927950907409
1,3.810274404638069,0.2251595463877704,4.1999898,2.6997919,40.37030054684029,41.499325,1151.739976724209,-1.7965741302589322,77,0.7756828243302907
1,3.812037001404613,0.2230404705400975,4.1999497,2.7000725,40.36664986034463,41.499325,1150.1671318057226,-1.572844918486453,78,0.7746235324647125
1,3.810421378348137,0.2252930904232461,4.1998291,2.6999924,40.37917218568078,41.486858,1147.46139237727,-2.7057394284527163,79,0.772801249966771
1,3.810296249262128,0.2256898454595522,4.1999898,2.6999524,40.35615980491658,41.486858,1145.216919152805,-2.244473224464855,80,0.7712896246302621
1,3.813243198157732,0.222301805462092,4.20011,2.7000725,40.39766955997992,41.611675,1143.6511779329426,-1.5657412198625025,81,0.7702351170190496
1,3.810756681725672,0.2254643118188438,4.1999097,2.6999924,40.32977521245889,41.449417,1140.4939481976116,-3.1572297353309295,82,0.7681087613071236
2,3.780751915334028,0.235468151787245,4.199935,2.699652,40.06382222800179,41.233673,1478.050135150491,0.0,0,1.0
2,3.781610474625836,0.2357473013088266,4.1998949,2.6999323,40.03571922680784,41.183769,1465.7202687412814,-12.329866409209671,1,0.9916580188208878
2,3.782411614130107,0.2354244423472121,4.1998148,2.6999323,40.04972668909541,41.158836,1457.414062367136,-8.306206374145404,2,0.986038313388298
2,3.783200288066992,0.2350022208447684,4.1999903,2.6999474,40.02047988358263,41.258644,1448.3976987124,-9.016363654736097,3,0.9799381389488037
2,3.784019064816227,0.2345332290886739,4.1998296,2.7000275,40.0324200260485,41.196236,1441.3325064000946,-7.065192312305271,4,0.9751580627225084
2,3.784723453746667,0.2341918362032541,4.2000303,2.6999874,40.03372657531644,41.183769,1434.4397615576945,-6.892744842400134,5,0.9704946587699095
2,3.785378698580796,0.2337667767684588,4.2000704,2.7001479,40.02091356986731,41.171303,1428.218073080768,-6.221688476926602,6,0.9662852694339429
2,3.7863228293318514,0.2331507434322942,4.2001209,2.6998377,40.04097705165493,41.258644,1422.4615526346995,-5.756520446068407,7,0.9623905974541711
2,3.786954376403275,0.2328401813527292,4.1998806,2.7000382,40.04702676542827,41.233673,1416.653949259291,-5.807603375408462,8,0.958461364448271
2,3.787522383929016,0.2324901721605755,4.1999207,2.6999981,40.061118777366126,41.233673,1411.124725636469,-5.5292236228219735,9,0.9547204740066494
2,3.7881297163140295,0.2320451192357473,4.1998005,2.6999981,40.03745929146483,41.196236,1405.7186758735263,-5.406049762942757,10,0.9510629189384024
2,3.788736260752384,0.2316595133970154,4.1999607,2.699918,40.07402535030748,41.258644,1400.17911925157,-5.539556621956308,11,0.9473150375301765
2,3.789413088639299,0.231234386689324,4.1998806,2.6999981,40.05384481503418,41.24614,1394.4671706626732,-5.711948588896803,12,0.9434505213997306
2,3.790009202065867,0.230828922497371,4.1999207,2.699918,40.04084436337752,41.233673,1388.7421896277406,-5.724981034932625,13,0.9395771879458896
2,3.790561655848157,0.2304356561210801,4.2000809,2.7001183,40.07296746877382,41.24614,1383.1619481035746,-5.580241524166013,14,0.9358017804739382
2,3.791754102664788,0.2294534607281784,4.2000775,2.6999547,40.11125154993274,41.408356,1372.0126132546338,-11.149334848940725,16,0.9282585080342618
2,3.792890817559274,0.2286983323330306,4.1999173,2.6999147,40.0672464859164,41.383389,1360.47733020587,-11.535283048763858,18,0.9204541157647199
2,3.793505171326607,0.2282604243128499,4.2000613,2.7001791,40.091444491970286,41.370922,1354.7777667384237,-5.699563467446296,19,0.9165979789991926
2,3.7942206218570687,0.2277214050666511,4.200026,2.6998632,39.99614938288993,41.296082,1348.2155488523476,-6.562217886076041,20,0.912158198689976
2,3.794650527363184,0.2276368488127788,4.2001061,2.6999834,40.01993236279131,41.345989,1342.9975351886394,-5.218013663708234,21,0.9086278626481766
2,3.79536855193332,0.2269287736327453,4.1999202,2.7000377,40.06326819195108,41.383389,1337.1634063130623,-5.8341288755771075,22,0.904680683363231
2,3.795732284430071,0.2269708038422572,4.1999602,2.6999977,40.07352570239588,41.395889,1332.1668507740114,-4.99655553905086,23,0.9013001785885794
2,3.7964880198429007,0.2263494219157667,4.2000957,2.7001731,40.08017496718812,41.420822,1326.628848592405,-5.538002181606544,24,0.8975533488634546
2,3.7967511527320497,0.2264947441604145,4.2000155,2.6999326,40.09653779430643,41.458263,1322.0965604005926,-4.532288191812313,25,0.8944869520721503
2,3.7975993388952016,0.2253806738885189,4.1999078,2.6999853,40.09176200755247,41.495701,1316.1096434871502,-5.986916913442428,26,0.8904364014371863
2,3.797634438405093,0.2258492239118808,4.200068,2.7000253,40.10482149881052,41.433331,1312.431446160358,-3.6781973267920876,27,0.8879478543714824
2,3.7980577401883617,0.2256735481878366,4.2000279,2.6999853,40.08770390756811,41.433331,1307.5124663866177,-4.918979773740375,28,0.8846198348024847
2,3.799319664907116,0.2243065099073073,4.1998677,2.6998651,40.07160010821236,41.420822,1300.05600865641,-7.456457730207603,29,0.8795750412918448
2,3.799370792399566,0.2249113810535795,4.1998277,2.6998651,40.12205009327497,41.47073,1296.1537013531129,-3.9023073032972206,30,0.876934868803447
2,3.79967433037466,0.2249417561835316,4.1999879,2.7001057,40.0971134135218,41.458263,1291.4733494816132,-4.680351871499624,31,0.873768297007137
2,3.8006570561946154,0.2237624567487974,4.1999879,2.6999853,40.074373368358025,41.495701,1286.0853876882984,-5.387961793314844,32,0.8701229796629008
2,3.800585478707707,0.2245071050586145,4.1998677,2.6999452,40.04597287114817,41.420822,1282.0675139902935,-4.017873698004905,33,0.8674046187612958
2,3.8038211501144006,0.2222944407352566,4.2001343,2.6999314,33.93106973850794,41.321014,1268.6109062675018,-13.45660772279166,35,0.858300321550551
2,3.802181962912393,0.2236600072536992,4.2000542,2.6999314,39.97851934932076,41.333481,1269.3071253518306,0.6962190843287317,36,0.8587713604333138
2,3.803900983232154,0.2217349316853231,4.2000942,2.6996908,27.18773403858768,42.032219,1260.1790721007724,-9.12805325105819,37,0.8525956204946081
2,3.8040246883888327,0.2215881684303426,4.199894,2.6999314,40.0123572941752,41.420822,1259.7036439135793,-0.47542818719307434,38,0.8522739614548458
2,3.80375574124838,0.2226827804224793,4.199934,2.6999314,40.0217395650986,41.395889,1255.9801781835563,-3.7234657300230083,39,0.8497547872797128
2,3.803911265015632,0.2228846519968709,4.2002144,2.6999714,40.0569733529701,41.420822,1252.5673080628635,-3.412870120692787,40,0.8474457518555895
2,3.804943393642393,0.2217778866233711,4.2001343,2.6998913,40.04285190541208,41.408356,1247.6908938548645,-4.876414207999005,41,0.84414653074527
2,3.804751669227776,0.2225853457509053,4.1998949,2.6999724,40.05138999020128,41.395889,1244.0997370853036,-3.591156769560939,42,0.8417168724514427
2,3.80481927407552,0.2230289661360447,4.199935,2.699852,40.01833768109873,41.345989,1240.3836677237323,-3.7160693615712717,43,0.8392027024153952
2,3.804994016090686,0.2231709103159717,4.2000551,2.6999724,40.02336333227747,41.345989,1236.9899688715443,-3.393698852187981,44,0.8369066376395935
2,3.806081282379421,0.2219251260301967,4.199975,2.7000926,40.00941999664166,41.383389,1232.858750508751,-4.131218362793334,45,0.8341115914740095
2,3.805562325670498,0.2231486104507548,4.199935,2.699852,39.98165289705303,41.296082,1229.7355532930387,-3.1231972157122527,46,0.8319985391888147
2,3.806026040368063,0.2232350722851062,4.1998615,2.6998186,40.01148199344546,41.321014,1222.9677996319456,-6.767753661093138,48,0.8274197001493635
2,3.800306734341984,0.2266221599018212,4.2001114,2.7000685,39.95490882146144,41.508163,1209.9824493764004,-12.9853502555452,50,0.8186342402067459
2,3.800602724740262,0.2283215815703742,4.1999507,2.699908,39.9975281189471,41.508163,1209.7642358389376,-0.21821353746281602,51,0.8184866041203417
2,3.804859717881306,0.2231110256301626,4.2001452,2.6999824,40.14795599834535,41.782658,1208.1802181164285,-1.5840177225090883,52,0.8174149099437786
2,3.8027111815885406,0.2271636461306,4.199945,2.6999424,40.14954898784844,41.670383,1203.766790668575,-4.4134274478535644,53,0.8144289304137918
2,3.8024670535334906,0.2280635450599668,4.199945,2.6998622,40.16649136614783,41.670383,1201.193627220164,-2.5731634484109236,54,0.8126880128446128
2,3.8069490707924274,0.2221880351761758,4.2000651,2.7000628,40.18329370447894,41.832565,1197.2563357933584,-3.9372914268055865,55,0.810024171251442
2,3.8042597364331874,0.226773871275335,4.2000651,2.7000227,40.19252902566293,41.720291,1192.042070640819,-5.214265152539383,56,0.8064963713287361
2,3.803737659919631,0.2278719472299202,4.2001052,2.6999023,40.19684681872302,41.68285,1189.7629551317182,-2.2791155091008477,57,0.8049543969024973
2,3.8044343621002352,0.227206057063774,4.2000651,2.6998622,40.20750999828339,41.757725,1186.662644626202,-3.100310505516063,58,0.8028568290109992
2,3.803779578347621,0.2286658058111667,4.2000651,2.6999424,40.21308665660914,41.732754,1182.5671994434324,-4.0954451827697085,59,0.8000859857998163
2,3.803884601993917,0.2288794544252849,4.2000251,2.7001028,40.18619894025759,41.68285,1178.9752490191684,-3.5919504242640414,60,0.7976557905453784
2,3.8070095177832233,0.225179939605939,4.2001181,2.699995,40.22130622375118,41.90744,1176.1994838987305,-2.7757651204378817,61,0.7957777993633302
2,3.804638629367356,0.2285384525109233,4.1999578,2.7000353,40.1823594979239,41.782658,1172.606185811109,-3.593298087621406,62,0.7933466923242881
2,3.8045404459467647,0.2289575704237696,4.2001181,2.6998749,40.18922459622885,41.657917,1169.0991236518937,-3.5070621592153657,63,0.7909739296717829
2,3.8089679004028887,0.2235556339082198,4.200038,2.6998749,40.250038345115925,41.919907,1167.051402835245,-2.0477208166487344,64,0.7895885092669194
2,3.80569533263619,0.2280849649502628,4.1999178,2.699955,40.24221676887619,41.795166,1161.8761222985154,-5.175280536729588,65,0.7860870850502079
2,3.805520071751348,0.2287925402226085,4.200038,2.7001956,40.25087117287915,41.670383,1157.818120001942,-4.058002296573477,66,0.7833415744615835
2,3.811134686991808,0.2202099735398521,4.1999302,2.7000074,40.24825622632883,41.869999,1162.9979190763029,5.179799074360972,67,0.7868460557719104
2,3.807914147495021,0.2254995541061067,4.2000504,2.7000074,40.23863462459782,41.807632,1154.7612533966058,-8.236665679697126,68,0.7812733992808918
2,3.807315917154056,0.2268096591053937,4.1998897,2.6998072,40.24635835026707,41.732754,1151.109271034355,-3.651982362250692,69,0.7788025883960643
2,3.812948101610101,0.2202893110224862,4.1999702,2.6999273,40.21145695231476,41.894974,1147.7319451770445,-3.3773258573105522,70,0.7765176010488883
2,3.809996863182364,0.2236508324780117,4.2000103,2.6998873,40.24164248022161,41.782658,1142.542866077698,-5.1890790993466,71,0.7730068411795566
2,3.808108455807002,0.2264748734764129,4.2000103,2.7000475,40.27396489173977,41.807632,1139.831497487347,-2.7113685903509577,72,0.7711724185670417
2,3.807179062181029,0.2273034656394311,4.1999302,2.7001278,40.24098088528659,41.770191,1140.9881009204946,1.1566034331476658,73,0.7719549383244177
2,3.798014065028879,0.2219430011251778,4.1999702,2.7000475,40.23812827775141,41.74522,1140.0138267947846,-0.9742741257100533,74,0.7712957765662742
2,3.8045758429366394,0.2285814430221262,4.1998496,2.6998472,40.22652283467015,41.632946,1153.6894416316088,13.675614836824252,75,0.7805482467711714
2,3.805003486967273,0.2287255075474055,4.2000904,2.6999273,40.249600732004176,41.657917,1145.9128115989922,-7.776630032616595,76,0.7752868352346644
2,3.805383561074035,0.2270737378463567,4.2000103,2.7000475,40.26056919326386,41.882507,1139.3237596944834,-6.5890519045087785,77,0.7708288999131147
3,3.7794980158979072,0.2369007827783396,4.1999931,2.6998932,40.05691171008478,40.821388,1477.310525731013,0.0,0,1.0
3,3.780238174108476,0.2368192605537108,4.1999531,2.6999333,40.03538557472672,40.795288,1467.2586561346152,-10.051869596397864,1,0.9931958315998433
3,3.7808873697006096,0.2366135815970576,4.2001538,2.7000134,40.05046945656287,40.783951,1459.5536342524028,-7.70502188221235,2,0.9879802579286276
3,3.78160169541434,0.2360874680786315,4.1998014,2.6997411,40.03315963064151,40.808922,1451.4236830824234,-8.12995116997945,3,0.982477047176131
3,3.782272688516935,0.2357508311757314,4.1998816,2.6999819,40.03896441417266,40.821388,1445.3238252566591,-6.099857825764275,4,0.9783480182959327
3,3.7829582303671456,0.2354131727187941,4.2000017,2.700022,40.04578033237944,40.808922,1439.4946904767132,-5.829134779945889,5,0.9744022434040484
3,3.783508919710171,0.2350839109050251,4.1999617,2.7002225,40.03253182726467,40.75898,1433.3560733136092,-6.1386171631040725,6,0.9702469781052605
3,3.784580574427328,0.2346009399384802,4.2000427,2.6999826,40.05720244516189,40.821388,1428.305981667521,-5.050091646088049,7,0.9668285419957708
3,3.785107143310805,0.2343241881859033,4.2000427,2.6999826,40.06698814955405,40.821388,1423.4163355400274,-4.889646127493734,8,0.9635187123815303
3,3.785664479470424,0.2339144547261428,4.1999626,2.7001431,40.07705519402292,40.858826,1418.5128725265558,-4.903463013471537,9,0.9601995300376253
3,3.786148453702495,0.2336190455193298,4.1999226,2.6999426,40.05755802482832,40.833893,1413.7122891566396,-4.8005833699162395,10,0.9569499875167387
3,3.786601220776185,0.2334023849559573,4.2000427,2.7000227,40.09270043167083,40.858826,1409.18547710373,-4.5268120529096905,11,0.9538857623764827
3,3.7871424729433847,0.2329678915381847,4.1999626,2.7000227,40.06959209493274,40.833893,1404.4272180421024,-4.758259061627541,12,0.9506648694235451
3,3.78758303856004,0.232754341494693,4.1999626,2.6998222,40.06063740198356,40.846359,1399.6391381184724,-4.788079923629994,13,0.9474237905574342
3,3.788105693334593,0.2323664282812769,4.199842,2.6999025,40.08897003546903,40.833893,1394.6446628691542,-4.994475249318157,14,0.9440430015071114
3,3.789215652399543,0.2314809296008567,4.1999569,2.6999369,40.121415677966105,40.946209,1384.0563403823649,-10.588322486789366,16,0.9368757050569964
3,3.790309471855904,0.2307814065616915,4.1998367,2.6998568,40.093701906996834,40.933743,1373.2553072952023,-10.801033087162523,18,0.9295644235768771
3,3.790944312629685,0.2303126480899765,4.2000265,2.6999264,40.11480715726079,40.933743,1367.962133111916,-5.293174183286283,19,0.9259814434984897
3,3.791543011058793,0.2298712312624736,4.1998687,2.699929,40.03998613538878,40.883797,1362.4716835646486,-5.490449547267417,20,0.9222649265904749
3,3.7918811743105914,0.2298997005973578,4.2001095,2.7000494,40.06359833434749,40.808922,1357.6187541772852,-4.852929387363474,21,0.9189799507490132
3,3.792634131405442,0.2291307601087875,4.2000251,2.6999252,40.10169880308202,40.908768,1351.7904395851765,-5.828314592108654,22,0.9150347310469978
3,3.792940991880342,0.2291165664963725,4.1999049,2.7000854,40.10802090741828,40.87133,1347.2542669332547,-4.536172651921788,23,0.91196416966338
3,3.7936013986575423,0.2285579799475532,4.2000284,2.6998482,40.11912328329131,40.946209,1342.371036527903,-4.883230405351696,24,0.9086586828883939
3,3.7938876763677594,0.228699558887105,4.1999884,2.6999283,40.13525760477114,40.908768,1337.6885895434534,-4.682446984449598,25,0.9054891075669613
3,3.794697360229711,0.227712375251828,4.1999888,2.6998887,40.13201200039605,40.983643,1331.9389227542283,-5.7496667892251025,26,0.9015971250155068
3,3.794767466480225,0.2281133286962349,4.1999488,2.6998887,40.1418930944895,40.933743,1328.2017089997237,-3.737213754504637,27,0.8990673835092955
3,3.795227681952889,0.22786377658075,4.200109,2.7000089,40.13281722618692,40.933743,1323.2222337285234,-4.979475271200272,28,0.8956967480305181
3,3.796242337482891,0.2267010645783887,4.1998687,2.6997683,40.12334612128192,40.958714,1317.0927945676356,-6.129439160887841,29,0.8915476953742698
3,3.79629407169824,0.2271937280427018,4.200109,2.7001293,40.16454325825022,40.983643,1313.6712515839386,-3.421542983697009,30,0.8892316332301895
3,3.79657600745206,0.2271831330592438,4.2001491,2.7000492,40.15144749377036,40.933743,1309.3467184204426,-4.324533163495971,31,0.8863043318347322
3,3.797435786419295,0.2261931921423764,4.1999888,2.7001293,40.13875504870973,41.008617,1303.7924509374402,-5.554267483002377,32,0.8825446161986077
3,3.800481093711358,0.224758667798328,4.1998758,2.7000563,33.93243356925704,40.908768,1286.7498620980853,-17.04258883935495,35,0.8710083896961113
3,3.798870432397541,0.2259280381396574,4.1999559,2.6998959,40.06757817694672,40.87133,1287.653813853368,0.9039517552828329,36,0.8716202798434691
3,3.8004306320318944,0.2241586904484601,4.1999559,2.7002568,27.332409848810837,41.582806,1278.86144203172,-8.792371821648203,37,0.8656686727381874
3,3.800332589706995,0.224412681551073,4.1999559,2.7000163,40.09705330528234,41.008617,1279.063789880533,0.20234784881313317,38,0.8658056431620006
3,3.8001822913563648,0.2252433047289115,4.199996,2.6998158,40.10961491152945,40.958714,1275.6111245862105,-3.4526652943225145,39,0.8634685141466814
3,3.800393675114108,0.2252903309446406,4.1998758,2.7000563,40.140047477316735,41.021122,1272.2145599456871,-3.3965646405233656,40,0.8611693599868999
3,3.801197516877168,0.2242641610214223,4.1998758,2.6998158,40.13149812057599,40.996151,1268.1374415608375,-4.077118384849655,41,0.8584095350795182
3,3.8009956820329074,0.2250389398733761,4.1999469,2.6999269,40.142894318189725,41.021122,1264.7529579231473,-3.3844836376902094,42,0.8561185586201069
3,3.8010992968084,0.2253062556109829,4.1999469,2.6999669,40.11665827416373,40.971176,1261.67828756363,-3.074670359517313,43,0.8540372965523396
3,3.801283376401861,0.2254414775879728,4.200027,2.6998065,40.11774204229195,40.983643,1258.189673703693,-3.4886138599370042,44,0.8516758337459938
3,3.8022378307027713,0.2242882850395219,4.1998663,2.7001274,40.104329847293926,40.996151,1253.572225450046,-4.617448253646899,45,0.8485502564396505
3,3.801987308812031,0.2253020398199503,4.1999469,2.6998465,40.08299756718205,40.921234,1249.9303560168169,-3.6418694332292034,46,0.8460850540534243
3,3.8024189229559857,0.2253959497443969,4.1999931,2.6999733,40.10747132488226,40.946209,1243.4989831822097,-6.431372834607146,48,0.841731620755151
3,3.8034042995505777,0.224616311842289,4.2000256,2.7000456,40.05675965797546,40.908768,1234.6749574873406,-8.824025694869079,50,0.8357585869608491
3,3.8032920939075407,0.2253476401995727,4.1999855,2.7000456,40.08825290310701,40.896301,1231.9532660327309,-2.721691454609754,51,0.8339162583459745
3,3.8052737665685887,0.2227178734623224,4.1999497,2.6997695,40.15675273906491,40.996151,1227.7586304752892,-4.194635557441643,52,0.8310768853878985
3,3.804221472342873,0.2247053863221962,4.1999497,2.7000904,40.15421528520064,40.983643,1224.8985058998092,-2.8601245754800857,53,0.8291408505965233
3,3.804286151755588,0.2250458506808214,4.1999497,2.7001305,40.17409746189618,40.983643,1221.9790819155578,-2.9194239842513525,54,0.8271646756939538
3,3.8062513400716154,0.2222354214811644,4.1998696,2.6998899,40.189967516167535,41.033588,1218.4386665010716,-3.540415414486233,55,0.8247681481171031
3,3.8049056295888426,0.2246753034636895,4.2000303,2.6998899,40.19763551979714,41.046093,1216.131258787162,-2.3074077139094697,56,0.8232062505514117
3,3.804857221804184,0.2251995913895515,4.1999903,2.7000103,40.20429659384079,40.996151,1213.2496859229736,-2.881572864188456,57,0.8212556972899283
3,3.80535920843198,0.2246651137531177,4.1999097,2.7000504,40.21316805820433,41.08353,1209.976822860038,-3.272863062935585,58,0.8190402774401874
3,3.8051760398444343,0.2254925397696246,4.2000303,2.7000904,40.22317578315804,41.08353,1207.0662083011628,-2.910614558875295,59,0.8170700656883724
3,3.805303495594697,0.2256894760261655,4.1999097,2.7000904,40.19762014135052,40.971176,1203.8553772754635,-3.2108310256992354,60,0.814896635681766
3,3.8069549713865833,0.2237239954370503,4.199832,2.6999724,40.336884063450654,41.195847,1200.397751996671,-3.4576252787924204,61,0.8125561492244036
3,3.80588083168747,0.225593314703969,4.1999521,2.7000127,40.29637795599985,41.170914,1197.4117525655386,-2.985999431132541,62,0.8105349090185539
3,3.8059376799970472,0.2258220657549864,4.2000728,2.6998119,40.30407485045763,41.071026,1194.8864156248449,-2.5253369406937054,63,0.8088254939045959
3,3.808124424041734,0.2230913914059083,4.2001128,2.7000127,40.36850683953677,41.245789,1192.4800176294862,-2.4063979953587022,64,0.8071965892474874
3,3.806568500192829,0.2254488933962682,4.1999922,2.7001729,40.359071597248494,41.220818,1189.2492047854707,-3.230812844015418,65,0.805009633433024
3,3.8065567155973534,0.2258242926277146,4.2001529,2.7000127,40.37586849353208,41.208351,1186.6126451811806,-2.6365596042901416,66,0.8032249310577495
3,3.8100436481616553,0.2211236603157756,4.1999588,2.7000191,40.36659307297558,41.208351,1184.922445647603,-1.6901995335776974,67,0.8020808252626992
3,3.8079940605936313,0.2241848586678019,4.1999588,2.699939,40.35962328495786,41.258255,1181.9871002852392,-2.935345362363705,68,0.8000938730876233
3,3.8076621879614407,0.2250429559048519,4.1998787,2.6998987,40.36737746577492,41.195847,1179.8092171990306,-2.177883086208567,69,0.7986196514881184
3,3.810425216224112,0.2215253631100955,4.200119,2.6999791,40.33103478993296,41.220818,1177.7263021089293,-2.0829150901013236,70,0.7972097142719258
3,3.80798208381945,0.224946784178784,4.1999588,2.6998587,40.364310876246535,41.220818,1175.8392296987702,-1.887072410159135,71,0.7959323440932862
3,3.807603654616512,0.225672046136152,4.200079,2.6997385,40.40348761778964,41.245789,1173.5930279732124,-2.2462017255577393,72,0.7944118772134836
3,3.8074372563170775,0.2261857456431393,4.1998386,2.6999791,40.359046827678405,41.220818,1171.3454292237357,-2.247598749476765,73,0.7928904646801473
3,3.808414731393418,0.2251238171069691,4.2000389,2.699939,40.36670019301027,41.308201,1168.9923754288295,-2.3530537949061454,74,0.7912976690194369
3,3.8075040043572,0.2266321701869761,4.1999187,2.699939,40.3688571989107,41.18338,1166.576191410826,-2.416184018003605,75,0.7896621401472602
3,3.8074757434273367,0.2268960186449851,4.1998787,2.6998587,40.38235982942916,41.195847,1164.275245608641,-2.3009458021849696,76,0.7881046166868175
3,3.809043239526142,0.2250423947773832,4.200079,2.7000992,40.37635327231651,41.195847,1162.7769875655936,-1.4982580430473718,77,0.7870904371917476
3,3.8075823186104034,0.2271429953608203,4.2000389,2.699939,40.380763187207485,41.158405,1160.0370837836183,-2.739903781975272,78,0.7852357805476278
3,3.807447867420314,0.2275529179366215,4.2000389,2.699939,40.37200376098063,41.145939,1157.850641667621,-2.1864421159973517,79,0.783755765291583
3,3.809801118898389,0.2248348688284322,4.1998787,2.6998987,40.39225629479349,41.245789,1157.165418142658,-0.6852235249630212,80,0.783291933542585
3,3.8077880029927287,0.2274672571192102,4.1999989,2.6999791,40.35373889219288,41.133438,1153.611337693022,-3.554080449635876,81,0.7808861560247694
4,3.781270287662203,0.2353974324974437,4.1999707,2.6999574,40.41124431992161,41.717407,1479.4614023274885,0.0,0,1.0
4,3.7822122934327114,0.2354469447461927,4.2000909,2.6997566,40.38535585602251,41.518101,1468.425706202856,-11.035696124632523,1,0.9925407340081525
4,3.783096179025155,0.235141000211334,4.2002115,2.6999974,40.39444747095373,41.505592,1458.3495808370767,-10.076125365779262,2,0.9857300626719976
4,3.784200745830424,0.2343117527235365,4.200058,2.699924,40.37846963443732,41.530567,1447.9975028782685,-10.352077958808195,3,0.9787328690023809
4,3.78508879048361,0.233915234246978,4.1998572,2.7000041,40.38257840274341,41.543034,1439.3219794764127,-8.675523401855799,4,0.9728688948640847
4,3.7862294777061054,0.2333118063662939,4.200058,2.7001245,40.38968087225089,41.612572,1431.1112721230838,-8.210707353328871,5,0.9673190999587146
4,3.787047160736917,0.2328207942680948,4.200098,2.699964,40.37503372319249,41.560135,1422.652929562743,-8.458342560340725,6,0.9616019230543127
4,3.787645088396984,0.2321748827241201,4.2001958,2.6998613,40.39736856181553,41.592976,1415.4820037713162,-7.170925791426953,7,0.9567549390234041
4,3.7883811402194927,0.2317167824109209,4.1998749,2.6998613,40.40591080457691,41.568005,1408.8975180374978,-6.584485733818383,8,0.9523043425269632
4,3.789150787866253,0.2312223840060509,4.2000351,2.7000217,40.41201773563975,41.592976,1401.717359227945,-7.180158809552722,9,0.9474511176991597
4,3.7899140273847034,0.2306169697952343,4.1999149,2.6997809,40.39242151827117,41.543034,1394.468902145284,-7.248457082661162,10,0.9425517285895432
4,3.790688464323263,0.2301150482236124,4.1999149,2.6999414,40.42707208965103,41.617947,1387.2465130784888,-7.222389066795131,11,0.9376699594163611
4,3.791545644554203,0.229594771651173,4.199995,2.6999815,40.39855559094385,41.568005,1378.6436786172544,-8.602834461234352,12,0.9318551173071311
4,3.792325227482457,0.2289104052278776,4.199955,2.6999815,40.39005726450703,41.605442,1371.2229321667332,-7.420746450521165,13,0.9268392740828016
4,3.7931188265673854,0.2283442649169054,4.2001958,2.6999013,40.41946816358831,41.592976,1363.2174929746998,-8.005439192033464,14,0.9214282243727928
4,3.794835031372038,0.2270041860299513,4.2001252,2.7000716,40.45275408609056,41.692822,1348.15563714857,-15.061855826129886,16,0.9112475898510441
4,3.796535771815003,0.2258503386417046,4.1998844,2.6999111,40.42262675908821,41.655388,1332.2255150578433,-15.930122090726627,18,0.9004800753584962
4,3.7974236422085887,0.2251649603534236,4.1998777,2.6999848,40.44404249626928,41.605442,1325.5492767216133,-6.6762383362299715,19,0.8959674612911559
4,3.7983436484805018,0.2245852264122096,4.2001643,2.7000306,40.37157647446375,41.605442,1317.707308735176,-7.841967986437339,20,0.8906669053090259
4,3.798891872317388,0.2244947775376637,4.1999235,2.6999502,40.3953546244846,41.605442,1311.2965436280128,-6.410765107163115,21,0.886333730346112
4,3.7998780242069774,0.2235307678328994,4.1999559,2.6998622,40.41717794485084,41.605442,1304.2930362459513,-7.003507382061571,22,0.8815999080435878
4,3.800263055512677,0.2236397210936022,4.1999559,2.6999424,40.42225635076673,41.617947,1298.814961837304,-5.478074408647217,23,0.8778971589214889
4,3.801016503271171,0.2228233595365747,4.1999259,2.6999524,40.43013692965115,41.655388,1294.4944670363705,-4.320494800933602,24,0.8749768429239667
4,3.801245808502149,0.2230717684840537,4.1999259,2.7000327,40.44619086088944,41.642921,1289.393206497307,-5.10126053906356,25,0.8715287904563334
4,3.8024502136926617,0.2216271473400361,4.1999259,2.699872,40.44160588901087,41.680355,1282.146403028195,-7.24680346911191,26,0.8666305190599244
4,3.802575709224304,0.2221752250306975,4.199966,2.699872,40.45436545876964,41.630413,1276.8334351319293,-5.312967896265718,27,0.8630393690049738
4,3.802935573173177,0.2220964306679035,4.1999259,2.7000325,40.444959213480814,41.655388,1272.3389556376512,-4.494479494278039,28,0.8600014529855309
4,3.8042728703092425,0.220370705469279,4.2000461,2.6997919,40.43499722307158,41.617947,1266.433186709566,-5.905768928085308,29,0.8560096158758947
4,3.804378838387502,0.2210703446363786,4.1998854,2.699832,40.46958196230297,41.642921,1261.209115103296,-5.224071606269945,30,0.8524785527484272
4,3.804783122863046,0.2210683135255139,4.200006,2.6999121,40.454738062296464,41.617947,1256.257681499661,-4.951433603634996,31,0.8491317715509958
4,3.805761265431404,0.2198009478392646,4.200006,2.7000325,40.43923128626678,41.655388,1251.656551770479,-4.601129729182048,32,0.8460217683282396
4,3.805783418168989,0.220553104336283,4.200006,2.6999121,40.41962766823073,41.592976,1246.9586156585674,-4.697936111911531,33,0.8428463315750261
4,3.809128081085033,0.2181381109004253,4.1999702,2.700037,34.521453189221,41.580509,1232.9770746641625,-13.981540994404895,35,0.8333959052425721
4,3.8078910504233514,0.2195022391045109,4.1998901,2.700037,40.37032632103176,41.518101,1231.2780790151282,-1.6989956490342593,36,0.8322475172911451
4,3.809779604739626,0.2173813541655073,4.1999302,2.6999969,27.37717860898981,42.479256,1221.899780929626,-9.378298085502138,37,0.8259085225253823
4,3.809720960543752,0.2172003599904338,4.1998901,2.7000773,40.395337031724885,41.617947,1222.5430805090198,0.6432995793936698,38,0.8263433426419339
4,3.809522850456926,0.2182703915629495,4.1999702,2.6999569,40.40692484424779,41.580509,1218.145669755961,-4.3974107530586934,39,0.823371037486733
4,3.8096968042834383,0.2185191059102922,4.2000508,2.700037,40.44033700155696,41.592976,1215.2787642052276,-2.8669055507334633,40,0.821433233941319
4,3.81084211214304,0.2172435958640692,4.19981,2.7001574,40.43108499236058,41.642921,1210.361040170881,-4.91772403434652,41,0.8181092377717603
4,3.810641017159958,0.2181330659508586,4.2001038,2.69997,40.44030473157913,41.630413,1206.0612662917988,-4.299773879082295,42,0.8152029274940349
4,3.810727584982423,0.21867648626973,4.1999836,2.6998897,40.415292409953125,41.580509,1202.177767366975,-3.883498924823698,43,0.8125779864724482
4,3.81085214527228,0.2189443667506954,4.1999035,2.7000501,40.416041378841854,41.592976,1199.028890226091,-3.1488771408839966,44,0.8104495922230746
4,3.8120263293477854,0.2176033804891632,4.2000237,2.69997,40.39768630380121,41.568005,1194.8135493106952,-4.215340915395927,45,0.8076003520139252
4,3.811527787612746,0.2188688588495587,4.1999035,2.7001705,40.37777210317167,41.555538,1191.3121176775617,-3.5014316331335067,46,0.8052336585485702
4,3.8119310983754646,0.2191938858606436,4.199924,2.7001913,40.4015350441264,41.580509,1184.7684211798064,-6.543696497755263,48,0.800810632380087
4,3.811249995467074,0.2195605799714268,4.200026,2.6999323,40.3482283415152,41.493126,1183.0160205143998,-1.7524006654066397,50,0.7996261468215927
4,3.8109058645097456,0.2206548613559338,4.2001061,2.7000527,40.39366795328953,41.480625,1180.2078597440186,-2.808160770381164,51,0.7977280501453541
5,3.779742644837644,0.2368091349010614,4.2000198,2.69981,41.04012130319355,42.279404,1478.73863276448,0.0,0,1.0
5,3.7804786408371616,0.2368843458001548,4.1999798,2.7000103,41.03706049193766,42.304337,1465.7299792859662,-13.00865347851368,1,0.9912028716973504
5,3.7812996082769454,0.2365290705309641,4.1999397,2.7000103,41.02330272450459,42.29187,1457.1075606969007,-8.622418589065546,2,0.9853719436360838
5,3.7822467451658,0.2359904462420476,4.2000246,2.6998551,41.0467298398225,42.429001,1447.5096512158057,-9.59790948109503,3,0.9788813378803175
5,3.783103372904567,0.2355767246727546,4.1999846,2.7000554,41.0261162542948,42.329269,1439.9083820802343,-7.601269135571329,4,0.9737409642083584
5,3.7837880098817385,0.235082696762652,4.1999846,2.699775,41.04115196375365,42.304337,1432.9857492647377,-6.922632815496627,5,0.9690595197244506
5,3.784493084367384,0.2346715380392052,4.2000246,2.7001357,41.0376040279826,42.366669,1426.5575000231283,-6.428249241609365,6,0.9647124031352318
5,3.7856741469951776,0.233983066603754,4.200017,2.7000077,41.0220500091814,42.429001,1420.6619341768596,-5.89556584626871,7,0.96072551477265
5,3.786277022232226,0.2336921772266483,4.1998968,2.7000477,41.03273272151505,42.354202,1414.9869981871648,-5.674935989694859,8,0.9568878277981198
5,3.78689168841262,0.2333249056728629,4.200017,2.6998074,41.01755192306253,42.379135,1409.1212823451488,-5.865715842016016,9,0.9529211255614641
5,3.7874800485320814,0.232887712241043,4.200057,2.7000477,41.0230128714867,42.391602,1403.553566799115,-5.567715546033696,10,0.9491559466294544
5,3.7881217291516047,0.2324521022217766,4.1998968,2.6999276,41.02640814170308,42.391602,1397.528370434206,-6.025196364909107,11,0.945081395365689
5,3.788707620273298,0.2320638969401964,4.1998968,2.6998074,41.01883833865623,42.404068,1392.0147742570089,-5.513596177197087,12,0.9413528147666352
5,3.789302290240502,0.2316244014238934,4.200057,2.7000878,41.029694326341136,42.441505,1386.4503997499864,-5.564374507022421,13,0.9375898952190341
5,3.789861441010879,0.2312234503182242,4.1998568,2.6998875,41.03021916896749,42.429001,1381.1820673090378,-5.268332440948598,14,0.9340271747191311
5,3.791167188555937,0.2301511353856339,4.199914,2.700145,41.01206972386024,42.491367,1369.3695636129748,-11.812503696063004,16,0.9260389451332307
5,3.79236090013598,0.2293239374914796,4.1998739,2.7000649,41.02751164308609,42.578632,1357.205145080194,-12.164418532780928,18,0.9178127324251474
5,3.7930988038828,0.2288136939310298,4.20017,2.7001607,41.01656522597639,42.591099,1351.2874274542835,-5.917717625910427,19,0.9138108638766486
5,3.7937004398386462,0.2284068795011308,4.200068,2.6999788,41.05237953168277,42.616032,1345.3872678700086,-5.900159584274888,20,0.9098208689894218
5,3.794052901967664,0.2284162651218895,4.1998277,2.7000189,41.0388635357951,42.491367,1340.1574223861458,-5.229845483862846,21,0.9062841753723181
5,3.794742621222098,0.2277014097334254,4.1999812,2.6996913,41.03726039744518,42.640965,1335.0721019640127,-5.085320422133009,22,0.9028452171213754
5,3.795041518665125,0.2277346149975174,4.1999412,2.6999717,41.040453707087394,42.466438,1330.3971728130414,-4.674929150971366,23,0.8996837868000267
5,3.795800128631656,0.22706048089424,4.1999888,2.6998596,41.034079608850085,42.603565,1324.2128208945555,-6.184351918485845,24,0.8955016062703112
5,3.7960233179504255,0.2271963569226594,4.200109,2.6998596,41.01135250692964,42.478905,1319.6575071796128,-4.555313714942713,25,0.8924210661302144
5,3.796955744605448,0.2262290915994301,4.2000093,2.6998799,40.99825434957499,42.591099,1313.7564052121786,-5.901101967434215,26,0.8884304339544646
5,3.797085558174126,0.2265498741660775,4.1999693,2.7,41.00579638518618,42.466438,1309.5172431842516,-4.239162027927023,27,0.88556369203402
5,3.797403162515579,0.2265075432251841,4.1999292,2.7000401,41.02027311708829,42.491367,1305.4089975355869,-4.108245648664706,28,0.8827854825806127
5,3.798440520949352,0.2252119493194065,4.1999693,2.6999199,41.02955308488683,42.665897,1299.7353748183705,-5.6736227172164035,29,0.87894868370926
5,3.798349900274688,0.2258629725540161,4.2001295,2.69996,40.980014339833154,42.453972,1296.699847388862,-3.03552742950842,30,0.8768959021275456
5,3.798641907897781,0.2258916498818323,4.199769,2.6998398,41.00538707445216,42.541233,1292.546223722868,-4.153623665994019,31,0.8740870056978711
5,3.7994493509442986,0.2248391784384406,4.1999693,2.69996,41.02305500734265,42.690872,1288.061327224048,-4.484896498820035,32,0.8710540853430173
5,3.799289474953764,0.2256749326289955,4.2000895,2.69996,41.029299288718406,42.578632,1284.3359670932705,-3.725360130777517,33,0.8685348029977572
5,3.802771971477545,0.223115414147181,4.1998892,2.7,34.785573874129994,42.740738,1269.5488338388614,-14.787133254409127,35,0.8585349741390462
5,3.801151890317554,0.2245293844251419,4.2000494,2.6998799,41.02463973376736,42.603565,1270.1311399328774,0.5823060940160758,36,0.8589287598163213
5,3.803016174899731,0.2224771642917559,4.1999292,2.7000401,27.629224173508177,42.690872,1260.4213801694082,-9.709759763469265,37,0.8523625150802134
5,3.802826239022858,0.2225156742327056,4.1999693,2.6999199,41.01395407181992,42.728271,1260.7891987519552,0.3678185825469882,38,0.8526112531427738
5,3.802594588829415,0.2236580394468321,4.1998491,2.7,41.01973235610832,42.603565,1257.4096132251216,-3.37958552683358,39,0.850325801574828
5,3.802915279415274,0.2236539606199893,4.2000895,2.7000802,41.0168783872666,42.616032,1253.6032234855877,-3.80638973953387,40,0.8477517227922795
5,3.80375437630754,0.2225880234276762,4.2000494,2.7000401,41.01982735343218,42.728271,1249.605824131491,-3.997399354096615,41,0.8450484733704235
5,3.803478010672928,0.2235476117670291,4.2000241,2.6997745,41.011190659758505,42.678364,1246.3956853856048,-3.2101387458862973,42,0.8428776105318129
5,3.8035311920174166,0.223947590172719,4.1999841,2.7000549,41.01927194640518,42.591099,1243.3526715302671,-3.0430138553376764,43,0.8408197662394454
5,3.8037777476795793,0.223962335358075,4.1998639,2.6999748,41.02154291243831,42.591099,1239.8056414857597,-3.547030044507437,44,0.8384210799767647
5,3.804719403853688,0.2227376778638851,4.2001042,2.7000949,41.01737351508352,42.753204,1236.3515475381255,-3.454093947634192,45,0.8360852419381136
5,3.80417761483385,0.2240616648741545,4.199904,2.6999748,41.02339257447264,42.578632,1233.6120714827862,-2.73947605533931,46,0.8342326656987156
5,3.804675438773605,0.2241029244676883,4.2001014,2.6998515,41.02040635126014,42.603565,1226.6227092055578,-6.989362277228338,48,0.8295060952809523
5,3.7714364626726735,0.2386335305358414,4.1998239,2.699975,41.204073227058274,42.852932,1066.9917632204233,-159.63094598513453,50,0.7215553442501857
6,3.780928638594456,0.2355984282607686,4.1999187,2.6999252,40.7469435729241,42.090382,1475.7126077484663,0.0,0,1.0
6,3.7816751895091896,0.2358937556213534,4.1998787,2.6999655,40.80414567424219,42.202736,1464.881771451007,-10.830836297459427,1,0.9926606059739611
6,3.782476183807829,0.2356578296575302,4.1999989,2.6998851,40.82334469820254,42.102848,1457.0926194613455,-7.789151989661377,2,0.9873823750035382
6,3.783261009719609,0.2350679654822677,4.2001157,2.6999218,40.878121509042906,42.327557,1447.4526504703117,-9.639968991033811,3,0.9808499587726153
6,3.7841113402662025,0.2346201066989378,4.1999555,2.6998818,40.86731633443233,42.302624,1439.1578269307845,-8.294823539527215,4,0.9752290651812927
6,3.78483792601626,0.234215008007611,4.1999154,2.7000422,40.89753015536125,42.215202,1431.3904427286311,-7.76738420215338,5,0.9699655849064956
6,3.785542236870026,0.2337598256018835,4.1999555,2.6998014,40.89824498531861,42.240173,1424.5700058928437,-6.820436835787405,6,0.9653437928312801
6,3.786274060262049,0.233193270725287,4.2001123,2.7000387,40.88897807818114,42.40247,1418.0023456388626,-6.567660253981103,7,0.9608932919549601
6,3.787071264334205,0.2327650018126291,4.1997914,2.6998782,40.9132220732125,42.352524,1410.811877483545,-7.190468155317603,8,0.9560207523306709
6,3.7876953190175415,0.2323421642345995,4.1999516,2.7001188,40.899912698821176,42.340057,1405.0459762267108,-5.7659012568342405,9,0.952113554393512
6,3.788315272203549,0.2319366377363857,4.2000318,2.6999583,40.910159696748856,42.340057,1398.651390680931,-6.394585545779819,10,0.9477803356406166
6,3.789029265715908,0.2314268251104679,4.1999917,2.6999583,40.9205151472834,42.327557,1392.4492154393793,-6.202175241551686,11,0.9435775015596538
6,3.7896689610438585,0.2310299494419276,4.1998715,2.7000387,40.91475579078464,42.302624,1386.3933451077864,-6.055870331592814,12,0.9394738093503473
6,3.790280157999618,0.2305440115051199,4.1998715,2.7000787,40.92816813742281,42.31509,1380.2497236457043,-6.143621462082137,13,0.9353106535774521
6,3.790926570951346,0.2301091226771704,4.2000318,2.6999984,40.92930781775462,42.390003,1374.54380371703,-5.705919928674348,14,0.9314441013106256
6,3.792334091393165,0.2289764170445358,4.1999865,2.7000332,40.92673949001194,42.477386,1361.6332707598872,-12.910532957142777,16,0.9226954243057983
6,3.7933051034445744,0.2282804671169679,4.1999464,2.6998727,40.94896155903591,42.489887,1351.0384840801148,-10.594786679772369,18,0.915515986640129
6,3.794153548353049,0.2277089302019646,4.2000928,2.7000191,40.9416936340762,42.514862,1344.962931644606,-6.0755524355088255,19,0.9113989570751526
6,3.794821367047657,0.2272709083507373,4.1999488,2.6997948,40.98426453650606,42.552299,1338.1416831298184,-6.821248514787612,20,0.9067766149748199
6,3.795298440756136,0.2271460107472087,4.1998281,2.6998751,40.97896621499736,42.539795,1332.3477573981145,-5.793925731703894,21,0.902850426568431
6,3.796087103715242,0.2264145598977217,4.2000375,2.7000041,40.97918831415504,42.514862,1326.3942648206862,-5.953492577428278,22,0.8988161094892324
6,3.796460947860376,0.2264341747900116,4.1999574,2.6998436,40.98794421159989,42.602242,1321.097475984819,-5.296788835867119,23,0.8952268002917264
6,3.797408064412109,0.2256284317568473,4.1999378,2.6999447,40.98537044124436,42.527328,1314.3895382129958,-6.707937771823254,24,0.8906812419380185
6,3.7977043799496393,0.2257963724336499,4.1998978,2.6998243,40.968425393587374,42.527328,1309.5875979846214,-4.801940228374406,25,0.8874272613166149
6,3.798672267981376,0.22452870733913,4.2000661,2.6997921,40.95735586281588,42.489887,1303.488894140145,-6.098703844476404,26,0.8832945434605404
6,3.798619413516896,0.2250158667491255,4.2000661,2.7000327,40.97312954098028,42.514862,1300.0585172068584,-3.4303769332866523,27,0.8809699872324002
6,3.79901744682801,0.2248959481850214,4.1999059,2.6998723,40.99007855015105,42.514862,1295.56561696979,-4.4929002370683975,28,0.8779254240745891
6,3.800074381215036,0.2235410284340235,4.2000661,2.700073,41.00181721247783,42.602242,1289.4960401987987,-6.069576770991262,29,0.873812443851257
6,3.8001728350090622,0.2241862689582914,4.2001061,2.6999526,40.9559405901303,42.477386,1285.9767919974436,-3.51924820135514,30,0.8714276650109348
6,3.80047608915096,0.2242405791451293,4.199986,2.7001131,40.98609515367185,42.514862,1281.1706202010105,-4.806171796433091,31,0.8681708169151758
6,3.801421983785648,0.223094721628488,4.2001467,2.6998322,41.01113501058657,42.564766,1275.9205466676212,-5.250073533389241,32,0.864613163815363
6,3.801415248441231,0.2238743670803699,4.1999059,2.6998723,41.02842235912252,42.552299,1271.3161082990046,-4.604438368616684,33,0.8614930181010549
6,3.804743797255437,0.2215051413451501,4.2000203,2.700027,34.830390011118105,42.627216,1257.5186564533826,-13.797451845621936,35,0.8521433305174589
6,3.803255797694192,0.2228598721984598,4.2000203,2.7001474,41.05905560643807,42.577271,1256.9332898257385,-0.5853666276441345,36,0.8517466634262039
6,3.8051135083348018,0.2207716579210406,4.2000604,2.6999469,27.481533581180617,42.901863,1247.5768787482602,-9.356411077478242,37,0.8454063970163684
6,3.804964380571711,0.2206785966837006,4.1999002,2.6999869,41.04980704095732,42.614708,1248.5796910016766,1.002812253416323,38,0.8460859414264053
6,3.8048534360855726,0.2216957930058077,4.1999803,2.6999068,41.05614957995049,42.564766,1243.9515759170604,-4.628115084616184,39,0.8429497514526152
6,3.805223133449292,0.221780213416292,4.1999402,2.6999869,41.05582141237443,42.589737,1239.3628344376543,-4.588741479406053,40,0.8398402425581922
6,3.8062524069325634,0.2206223824856966,4.1999402,2.700027,41.06031943124466,42.589737,1234.8887070166616,-4.474127420992772,41,0.8368084005874042
6,3.806023691776269,0.2214302878416016,4.1999412,2.6999478,41.0532363731594,42.539795,1231.167061288309,-3.7216457283525415,42,0.8342864693463133
6,3.8060421705171854,0.2218671081650807,4.2001014,2.6999075,41.06374522898821,42.527328,1227.8885263527288,-3.2785349355801827,43,0.8320648071348735
6,3.806123885203953,0.2221752565865191,4.199821,2.7000279,41.062361941527406,42.46492,1224.6585450934872,-3.22998125924164,44,0.8298760467744333
6,3.807284175509983,0.2208517422051203,4.1999011,2.6999478,41.06357590825721,42.577271,1219.6155595472787,-5.042985546208456,45,0.8264587245128158
6,3.805718762155728,0.222109937129855,4.2000613,2.6999478,41.06919326629798,42.539795,1206.2803367925312,-13.33522275474752,46,0.8174222612578915
6,3.807589490721612,0.2223705817736003,4.1999612,2.6998072,41.07640345468482,42.539795,1208.8528536558074,2.572516863276178,48,0.8191654982877635
6,3.8066960515585824,0.2220758235832271,4.2000527,2.7000194,41.09219443393332,42.527328,1176.2530006647085,-32.59985299109894,50,0.7970745756921794
